first_word	gemma_pred	gemma_softmax	qwen_pred	qwen_softmax	empirical	total_emit_count	is_claude	has_ground_truth	agree	gemma_matches_empirical	qwen_matches_empirical
(	LN	0.1667221886467653	HN-D	0.1728745215116962	LP	30	False	True	False	False	False
(((;°д°)))	HN-S	0.8883893861136096	LN	0.431390570426028	HN-S	2	True	False	False	False	False
(((o(*°▽°*)o)))	HP	0.6491176266704818	LN	0.3451130442166778	HP	1	True	False	False	False	False
((⊂(`ω´∩)	HN-S	0.8812314784982141	LN	0.4936987625460097	nan	0	False	False	False	False	False
((✿◕‿◕))	HP	0.774856133457695	LN	0.5370773089629906	nan	0	False	False	False	False	False
(-_-;)	HN-S	0.8627615044527889	LN	0.3112939307122516	nan	0	False	False	False	False	False
(-‸–)	LN	0.6619002360557396	LN	0.3434108157671432	LN	1	False	False	True	False	False
(..)	LN	0.3911347964754695	LN	0.4072623392459416	nan	0	False	False	True	False	False
(._.)	LN	0.9685541932260192	LP	0.1907486825635995	LN	1	False	False	False	False	False
(/≧▽≦)	HN-D	0.7336406532966713	LN	0.3982110665680903	LP	1	False	False	False	False	False
(/▽＼)	HP	0.4487979294722905	LN	0.292313602185381	nan	0	False	False	False	False	False
(;'ω';)	HN-S	0.5306188013948152	LP	0.2701833366662255	HN-S	1	False	False	False	False	False
(;;)	HN-S	0.980424698538275	LP	0.2084174776077743	LN	6	False	True	False	False	False
(;;_;;)	HN-S	0.9554167073138252	LP	0.2062023735340244	HN-S	2	False	False	False	False	False
(;_;)	LN	0.7908565456132857	LN	0.4267651221627659	LN	3	False	True	True	True	True
(;`ﾉωﾉ´)	HN-S	0.9580733651341165	LN	0.413428700967144	LP	1	False	False	False	False	False
(;´д`)	HN-S	0.4698755382465903	LN	0.4199233506125153	LN	38	False	True	False	False	True
(;´༎ຶд༎ຶ`)	LN	0.599939131691813	LN	0.4954240592497544	LN	12	False	True	True	True	True
(;´∀`)	NB	0.9262772409256924	LN	0.479284904966948	LN	2	False	False	False	False	False
(;´꒳`)	NB	0.4221990211267371	LN	0.4486397322046258	LN	1	False	False	False	False	False
(;ω;)	HN-S	0.8096806900909056	LN	0.5940785429718052	LN	47	False	True	False	False	True
(;д;)	HN-S	0.9555282776113612	LN	0.4457372908757155	HN-S	1	False	False	False	False	False
(;′⌒`)	HN-S	0.4558836724850036	LN	0.5179043210529969	HN-S	25	False	True	False	True	False
(;⁎_⁎)	HN-S	0.5793180037914187	LN	0.5371907872510131	HN-S	1	False	False	False	False	False
(;╹⌓╹)	HN-S	0.9124184263676514	LN	0.4670540377552685	LN	1	True	False	False	False	False
(;へ:)	HN-S	0.5799121895638848	LN	0.53253381994552	HP	1	False	False	False	False	False
(;・`O・´)	HN-S	0.7183748953182582	LN	0.5846301458926249	HN-S	1	False	False	False	False	False
(;・∀・)	NB	0.8968538552486077	LN	0.5808690826217635	nan	0	False	False	False	False	False
(;一_一)	HN-S	0.628195378072002	LN	0.5259059426816164	HN-S	2	False	False	False	False	False
(;︵;)	LN	0.922089933533481	LN	0.5512374996525908	HN-D	1	True	False	True	False	False
(;﹏;)	HN-S	0.7974101972146996	LN	0.5010464411098615	HN-S	1	False	False	False	False	False
(;￣д￣)	HN-S	0.6898663503449609	LN	0.54947988863599	nan	0	False	False	False	False	False
(=^-^=)	LN	0.6653664612142002	HN-S	0.197909779562031	LP	6	False	True	False	False	False
(=^-ω-^=)	LN	0.5100096368602022	HP	0.2001396629000443	NB	22	False	True	False	False	False
(=^-ω^-=)	LN	0.7544481336942357	LP	0.234034525662668	LP	1	False	False	False	False	False
(=^_^=)	LN	0.5129262944945834	HP	0.2244605286135237	LP	2	False	False	False	False	False
(=^・^=)	NB	0.7532680042799292	NB	0.1882081518074448	LP	1	False	False	True	False	False
(=^・ω・^=)	HN-D	0.5932185664890303	HP	0.1925349074388017	LP	19	False	True	False	False	False
(=^・ｪ・^=)	HP	0.505820487651119	HN-S	0.1975450013590409	nan	0	False	False	False	False	False
(=`ω´=)	HN-D	0.9541373157527292	HP	0.1965330838838889	nan	0	False	False	False	False	False
(=ↀωↀ=)	HN-D	0.7691624861434186	HP	0.2019115034974831	LP	1	False	False	False	False	False
(=⌒‿‿⌒=)	LN	0.9586793993378196	LP	0.2208616375487084	nan	0	False	False	False	False	False
(>^_^)	HP	0.9999131742568048	HP	0.1942239700890703	LP	1	False	False	True	False	False
(>_<)	HN-S	0.8060434306605023	LP	0.1813916172280501	HN-S	44	False	True	False	True	False
(>_<;)	HN-S	0.9668576279701164	HN-D	0.176848838147705	HN-S	13	False	True	False	True	False
(>ω<)	HP	0.9994549102350886	LP	0.206900507646517	nan	0	False	False	False	False	False
(>ω<*	HP	0.9999711262150252	LP	0.224134114148282	HP	1	False	False	False	False	False
(>‿◠)	HP	0.997679863736012	HP	0.1882488435184195	HN-S	3	False	True	True	False	False
(>‿◼︵◼<)	HP	0.9772873469305804	HP	0.2272306580198598	LP	1	False	False	True	False	False
(>∀<☆)	HP	0.999976033525274	HP	0.2002857459677894	HP	1	True	False	True	False	False
(>﹏<)	HN-S	0.9081633819838792	HN-S	0.1854370410021316	HN-S	25	True	True	True	True	True
(>﹏<｡)	HN-S	0.6971811570884967	LP	0.2178352766167941	HN-S	7	False	True	False	True	False
(O_O)	HN-S	0.8426856109918086	HP	0.4320871967898692	HN-S	1	False	False	False	False	False
(OwO)	NB	0.8073617479632974	HP	0.5011919783100095	HP	1	False	False	False	False	False
(T-T)	HP	0.6957226964421704	LN	0.5926768061041675	LN	8	False	True	False	False	True
(T^T)	NB	0.50781620033151	LN	0.5657890190102814	HP	1	False	False	False	False	False
(T_T)	HN-S	0.8436364112693927	LN	0.6279747355394224	LN	22	False	True	False	False	True
(T▽T)	HP	0.99735908679859	LN	0.6484353461301455	HP	2	False	False	False	False	False
(^	NB	0.6976301883288767	NB	0.5680387552304667	nan	0	False	False	True	False	False
(^-^)	NB	0.9782748110464252	NB	0.6381044821849817	LP	37	False	True	True	False	False
(^.^)	NB	0.860325830715441	NB	0.5861026029056831	LP	2	False	False	True	False	False
(^^)	NB	0.9524937093776076	NB	0.4159392658372561	LP	2	False	False	True	False	False
(^_^)	NB	0.8523343400734438	NB	0.4766070760398991	NB	44	False	True	True	True	True
(^_^;)	HN-S	0.8132563805114382	NB	0.4680217551203877	NB	2	False	False	False	False	False
(^_~)	NB	0.931331880407806	NB	0.4722662632899757	HP	1	False	False	True	False	False
(^_−)	NB	0.5370472961042567	NB	0.462007113416902	NB	3	False	True	True	True	True
(^o^)	HP	0.6627025520578473	NB	0.5545144283897055	HP	6	False	True	False	True	False
(^‿^)	NB	0.5449070184926109	NB	0.5297178384097092	LP	13	False	True	True	False	False
(^▽^)	NB	0.6996375939727338	NB	0.4369102753850166	NB	15	False	True	True	True	True
(^・ω・^)	NB	0.8027167176463356	LP	0.4594937237335956	LP	2	False	False	False	False	False
(__)	NB	0.4150384284670807	LN	0.4515986816100494	LN	1	False	False	False	False	False
(`_´)	LN	0.963766535104796	LN	0.3432860287393753	nan	0	False	False	True	False	False
(`⇧´)	HP	0.9097894016943692	LN	0.3003179971940187	HP	2	False	False	False	False	False
(`⌒´)	LN	0.980050890938375	LN	0.324152478921926	HP	7	False	True	True	False	False
(`⌒´メ)	LN	0.9664926471817018	LN	0.3625402592926411	HP	5	False	True	True	False	False
(`◇´)	HN-D	0.5915801875256712	LN	0.2924871595146626	NB	1	False	False	False	False	False
(`へ´)	LN	0.4388327836628594	LN	0.4089977729484747	nan	0	False	False	True	False	False
(`・ω・´)	HN-D	0.5476494936601085	LN	0.3297362443667054	LN	1	False	False	False	False	False
(o>ω<o)	HP	0.9935753767192936	HP	0.4159511473970145	HP	1	False	False	True	False	False
(o^^o)	NB	0.9778704386270654	HP	0.416667317959719	NB	12	False	True	False	True	False
(o^_^o)	NB	0.9715133383667592	HP	0.4073921387373853	NB	6	False	True	False	True	False
(o^▽^o)	HP	0.5338001856937182	HP	0.4247874162886451	HP	2	False	False	True	False	False
(o_o)	HN-S	0.9925413423873676	HP	0.3614331517074381	NB	24	False	True	False	False	False
(o°ω°o)	HN-S	0.942347338846082	NB	0.3215192101355375	HP	1	False	False	False	False	False
(~^▽^)~	HP	0.7178764366444315	HN-S	0.2564587750170814	LP	1	False	False	False	False	False
( *▽)	HP	0.9939759179580234	NB	0.1908166903663969	LP	1	False	False	False	False	False
(¬_¬)	HN-D	0.9417255779725164	HN-D	0.190381437578515	HN-D	14	False	True	True	True	True
(¬‿¬)	NB	0.9913721563354144	HN-D	0.1967445525243429	NB	15	True	True	False	True	False
(¬､¬)	NB	0.6147310263956768	HN-S	0.2142968678740727	nan	0	False	False	False	False	False
(¯`·._.·(¯)	NB	0.9984806483683188	LP	0.2240659270769021	LP	1	False	False	False	False	False
(¯`·._.·(¯)___)	NB	0.9937353491795498	NB	0.2237287359967179	NB	1	False	False	True	False	False
(¯`・.¸)	NB	0.985837009290406	HP	0.2264079607203092	HP	1	False	False	False	False	False
(¯`・.｡)	NB	0.9887319704152956	HP	0.2100440020948288	HP	1	False	False	False	False	False
(¯▽¯)	NB	0.9856735332157684	LP	0.1993983527686969	HP	1	False	False	False	False	False
(¯︎_¯︎)	NB	0.9993267153421532	HN-D	0.2330039831009329	HN-S	1	False	False	False	False	False
(¯︵¯)	NB	0.5859034134532679	HN-D	0.2004073376010714	LN	1	False	False	False	False	False
(¯︿¯)	NB	0.4679576416021496	HN-D	0.2509332938809149	LN	3	False	True	False	False	False
(¯﹏¯)	HN-S	0.6007955783964174	HN-D	0.2477175505056915	HN-D	1	False	False	False	False	False
(°_°;)	HN-S	0.9989622511835068	HP	0.1884162026078107	HN-S	1	False	False	False	False	False
(°д°)	HN-S	0.5378002096384862	HP	0.2067096665050251	HN-S	3	False	True	False	True	False
(°д°;)	HN-D	0.6516405254535984	HP	0.1972145969811219	HN-S	1	False	False	False	False	False
(°□°)	HN-S	0.7515982995388749	HP	0.2346245577861113	nan	0	False	False	False	False	False
(°□°;)	HN-S	0.9380077663900525	HP	0.2108665021225193	HN-S	2	True	False	False	False	False
(°△°)	HN-D	0.6577492041750018	NB	0.1859578355714272	nan	0	False	False	False	False	False
(°▽°)	HP	0.7932792393332231	HP	0.2498932084200393	nan	0	False	False	True	False	False
(°◇°)	HN-S	0.9191185108045804	HP	0.2184162228830373	NB	7	False	True	False	False	False
(°〇°)	HN-S	0.7542721321869644	HP	0.2017482197899094	HP	4	True	True	False	False	True
(°ロ°)	HN-S	0.9339101235330494	HP	0.2431500250730888	HN-S	3	False	True	False	True	False
(°ヮ°)	NB	0.8600416827358136	HP	0.2266888221146656	nan	0	False	False	False	False	False
(°ー°ll)	HN-D	0.556857589601847	HP	0.260458772963576	LN	1	False	False	False	False	False
(°ー°|||)	HN-S	0.8940566117544395	HP	0.2203129182957768	LN	1	False	False	False	False	False
(°ー°〃)	NB	0.4424235741606154	HP	0.2153710847240373	LN	4	False	True	False	False	False
(´	LN	0.6800799266296056	LP	0.1875135426656723	nan	0	False	False	False	False	False
(´-`)	LN	0.98197008050676	HN-D	0.1915853097342206	LN	6	True	True	False	True	False
(´-ω-`)	LN	0.9956171696010884	LP	0.2051537411278188	LN	3	True	True	False	True	False
(´-﹏-`;)	LN	0.9837629363670872	HN-D	0.2288993811645094	LN	1	True	False	False	False	False
(´;ω;`)	LN	0.9993462181622824	HN-D	0.2113183483380011	LN	13	True	True	False	True	False
(´_ゝ`)	LN	0.9055241992386108	LN	0.1854606629542198	nan	0	False	False	True	False	False
(´`;ω;´)	LN	0.9959941466377166	LN	0.2081854519017587	HN-D	1	False	False	True	False	False
(´°̥̥̥̥̥̥	LN	0.9361866622494984	HN-D	0.1903413800003827	HN-D	1	True	False	False	False	False
(´°ω°`)	HN-D	0.9233852765710694	HP	0.2182433729365782	nan	0	False	False	False	False	False
(´·_·`)	LN	0.8502677801188675	HN-D	0.1851737106052889	nan	0	False	False	False	False	False
(´˘`)	LP	0.8298211279494511	HP	0.1877252695763272	LP	1	True	False	False	False	False
(´ω`	LP	0.5176943051526703	LP	0.2275983159963981	nan	0	False	False	True	False	False
(´ω`)	LN	0.5968756010785985	LP	0.2258084691231903	LN	48	False	True	False	True	False
(´д`)	HN-D	0.566742987568383	HN-D	0.1993841569189338	HN-S	1	False	False	True	False	False
(´д`;)	LN	0.6283168260421974	HN-D	0.2170984728390696	nan	0	False	False	False	False	False
(´ུ`っ)	LN	0.6869976968195961	HN-D	0.2126298361748674	HN-S	1	False	False	False	False	False
(´∀`)	LN	0.9134799571573122	HP	0.2567873687927234	LP	5	True	True	False	False	False
(´∀`;)	LN	0.995908169791854	HP	0.2340497340236076	nan	0	False	False	False	False	False
(´∇`)	LP	0.8630047143854177	HP	0.2780880647849924	HP	5	False	True	False	False	True
(´□`)	HN-D	0.9320965255254337	LN	0.1763620066511676	HN-D	2	False	False	False	False	False
(´▽`)	LP	0.7712816935419615	HP	0.2854054220751587	LP	20	True	True	False	True	False
(´▽`;)	LN	0.9512636862652032	HP	0.2594307689170629	HN-S	1	False	False	False	False	False
(´▽`ʃ♡ƪ)	LP	0.9918078305500933	HP	0.2908262062373494	LP	7	False	True	False	True	False
(´▿`;)	LN	0.7269311405973787	HP	0.1991829166751327	HN-D	1	False	False	False	False	False
(´◕ω◕`)	LN	0.7027961593059903	HP	0.2411730590738739	nan	0	False	False	False	False	False
(´◕‸◕`;)	LN	0.7084160509451926	HP	0.2080791290735872	HN-S	1	False	False	False	False	False
(´◕‿◕`;)	LN	0.8021803151543778	HP	0.268418936817952	HN-D	1	False	False	False	False	False
(´ヘ`;)	LN	0.9727529716952577	LN	0.212267539478907	nan	0	False	False	True	False	False
(´・_・`)	HN-D	0.8120302584732847	NB	0.1903726103439978	LN	13	True	True	False	False	False
(´・̥̥̥ω・̥̥�	HN-D	0.6226912605254076	HN-D	0.2331458060165923	LN	1	False	False	True	False	False
(´・̥ω・̥`)	LN	0.9219673666519038	NB	0.191997132297306	LN	1	True	False	False	False	False
(´・ω・)	NB	0.9662729102097052	LP	0.2007829169736741	nan	0	False	False	False	False	False
(´・ω・`)	LN	0.8431825948549139	LP	0.198355845630356	NB	68	False	True	False	False	False
(´・‿・`)	NB	0.95657700105798	HP	0.2037765806636959	LP	1	False	False	False	False	False
(´・・)	LN	0.9926187768767688	HP	0.1943045747665472	LN	1	False	False	False	False	False
(´ー`)	LN	0.9885172016797992	LP	0.190385688652217	nan	0	False	False	False	False	False
(´艸`)	LP	0.4943163511923449	HP	0.2400507286330876	LN	24	False	True	False	False	False
(´꒳`)	LN	0.5020310286174839	LP	0.1978324755530585	nan	0	False	False	False	False	False
(´︶`)	LN	0.6344528739603209	LP	0.2025302403892602	LN	1	False	False	False	False	False
(´｡・ω・｡`)	LP	0.9179211549155476	LP	0.2605409226014451	LN	1	True	False	True	False	False
(´｡・‿・｡`)	LP	0.5298608864481255	LP	0.2365787882671531	LP	12	True	True	True	True	True
(´｡・ﻌ・｡`)	HP	0.6790757970893193	LP	0.2510902802500454	LN	1	False	False	False	False	False
(´ｰ`)	HN-D	0.7818248375241538	NB	0.1889236167333871	nan	0	False	False	False	False	False
(ò_ó)	HN-D	0.9280914552188964	HN-S	0.2030772324048491	HN-S	1	False	False	False	False	False
(˃˂)	LN	0.7144357405661478	HN-D	0.2275040733888496	NB	1	False	False	False	False	False
(˃᷄⁺˂	HN-D	0.6520013666085506	LP	0.2690864609356599	HP	1	False	False	False	False	False
(˃‿˂)	HP	0.999589730605298	LP	0.2315066584706364	nan	0	False	False	False	False	False
(˃⌑˂)	HP	0.8711682896297046	HN-S	0.1909233429064952	LN	5	False	True	False	False	False
(˃⌑˂ഈ)	HP	0.9961273114390544	HN-D	0.1809788189710285	HN-D	1	False	False	False	False	False
(ˆᴥˆ)	NB	0.9701953540774488	LP	0.2604963733062733	NB	1	False	False	False	False	False
(ˆ‿ˆ)	NB	0.8927591000206218	LP	0.2378226607977635	LN	1	False	False	False	False	False
(ˆ‿ˆс)	NB	0.7172489459730085	LP	0.2605818535494663	HP	1	False	False	False	False	False
(ˆ‿ˆԅ)	LP	0.946563660113148	LP	0.2140259038732918	HP	3	False	True	True	False	False
(ˆ⌒ˆ)	NB	0.7652814866991956	LP	0.2463436271437952	NB	1	False	False	False	False	False
(ˊᗜˋ)	NB	0.9093978745609884	NB	0.1986611830934112	nan	0	False	False	True	False	False
(ˊᗜˋ*)و	HP	0.9927615897858526	LP	0.2054464029137929	nan	0	False	False	False	False	False
(˘³˘)	LP	0.9941503533485928	LP	0.2335300089442009	LP	57	False	True	True	True	True
(˘̩╭╭˘̩)	LN	0.996975529447952	HN-S	0.192140335980481	LN	1	False	False	False	False	False
(˘̩╭╮˘̩)	LN	0.9699324015547942	HN-S	0.1910809233675419	LN	12	False	True	False	True	False
(˘̩╭╯˘̩)	LN	0.9482357154180412	HN-S	0.1951734482071895	HN-S	2	False	False	False	False	False
(˘ω˘)	LP	0.983355073250032	LP	0.2529665566211214	LP	14	False	True	True	True	True
(˘ڡ˘)	LP	0.9875047487957742	LP	0.2360275841998842	LP	10	False	True	True	True	True
(˘‿˘)	LP	0.9525905321441074	LP	0.2227130341201235	LP	2	False	False	True	False	False
(˘▽˘)	LP	0.9267908102975368	LP	0.243177551704775	HP	10	False	True	True	False	False
(˘・_・˘)	LP	0.7252558358135575	LP	0.1940628376009519	LP	1	False	False	True	False	False
(˘・ω・˘)	LP	0.9072103689230956	LP	0.2312635251081129	LN	1	False	False	True	False	False
(˘︶˘)	LP	0.9998284289357252	LP	0.1972578564474345	LP	1	False	False	True	False	False
(˙▂˙)	HN-S	0.6947778731907334	LP	0.1972840787464901	LP	1	False	False	False	False	False
(˙꒳˙)	NB	0.9978476751146346	LP	0.263135506867566	NB	8	False	True	False	True	False
(˜︵˜;)	HN-D	0.6690717822446728	LP	0.1954217295457911	LN	1	False	False	False	False	False
(˵・̀‿-˵)	HP	0.7055663574696964	LP	0.2555504543918793	nan	0	False	False	False	False	False
(˶˃‿˂˶)	LP	0.7285379430291469	LP	0.2814115965346984	nan	0	False	False	True	False	False
(˶ˆᗜˆ˵)	NB	0.4312147567320272	LP	0.222810536459751	nan	0	False	False	False	False	False
(˶ˆ‿ˆ˵)	LP	0.5894707763942215	LP	0.2759373422467918	LP	1	False	False	True	False	False
(˶ˆ꒳ˆ˵)	LP	0.9195889260927348	LP	0.2510853631691671	LP	1	False	False	True	False	False
(˶ᵔ‿ᵔ˶)	LP	0.9966620605708828	LP	0.2157945036949533	nan	0	False	False	True	False	False
(˶‾᷄⁻̫‾�	LP	0.9950484386864934	LP	0.2160574029041868	LP	2	False	False	True	False	False
(˶‾᷄ꇴ‾᷅	LP	0.9323004447531448	LP	0.2276473255271321	LP	2	False	False	True	False	False
(˶・̀ω・́˵)	HN-S	0.687178011246322	LP	0.2394229418111384	NB	1	False	False	False	False	False
(̄³̄)	HN-D	0.9363000948199336	HN-S	0.2240176611488794	HN-S	1	False	False	False	False	False
(̄▽̄)	NB	0.628999387074741	LP	0.1870032960210517	nan	0	False	False	False	False	False
(̑‿̑)	LP	0.6966232739471231	HN-S	0.206290392682059	LN	1	False	False	False	False	False
(̒‿̒)	NB	0.5772047139817108	HP	0.2069995311987263	HN-S	1	False	False	False	False	False
(̛̠̠)	HN-S	0.8933363958478409	HN-D	0.2074516850972407	HN-D	1	False	False	False	False	False
(̥̯̥)	LN	0.8429881696839269	HN-D	0.2103372620015525	LN	1	False	False	False	False	False
(͡°͜ʖ͡°)	NB	0.5911983617461614	LP	0.1993853649226286	HN-D	1	False	False	False	False	False
(҂‿_‿)	HN-D	0.693281957644604	HN-S	0.1970150408967149	nan	0	False	False	False	False	False
(ू・‿・ू)	LP	0.96792366815942	HN-S	0.1977394452919999	HP	1	False	False	False	False	False
(ಠ_ಠ)	HN-D	0.9964688294790934	HN-D	0.1953660549816646	HN-D	5	False	True	True	True	True
(ಠ‿ಠ)	HN-D	0.7349626059773711	HN-S	0.1956654685499743	nan	0	False	False	False	False	False
(ಠ益ಠ)	HN-D	0.9986780330267786	HN-D	0.19723019491764	nan	0	False	False	True	False	False
(ಥ﹏ಥ)	HN-D	0.4661045758707229	LN	0.2187330976248886	LN	24	False	True	False	False	True
(ฅ́˘ฅ̀)	LP	0.8379293381838152	HN-D	0.1931219116395103	nan	0	False	False	False	False	False
(ง'̀-'́)	HN-D	0.9964346967555284	HN-D	0.2163610599704729	nan	0	False	False	True	False	False
(งᵒ̌皿ᵒ̌)	HN-D	0.9679084356545814	HN-S	0.2135241548851361	nan	0	False	False	False	False	False
(งツ)	HN-D	0.9617323676650876	HN-D	0.2067336694377708	nan	0	False	False	True	False	False
(ง・_・)	HN-S	0.8103838893822941	HN-S	0.1954716084621635	nan	0	False	False	True	False	False
(ง・̀_・́)	HN-S	0.5419734787726131	HN-D	0.1935736241950297	HP	1	False	False	False	False	False
(ง・̀ω・́)	HN-S	0.5616436375972119	LP	0.1976458711841539	nan	0	False	False	False	False	False
(ง・̀ᗜ・́)	HP	0.4009254460755427	LP	0.2130144336525044	nan	0	False	False	False	False	False
(๑><๑)	HN-S	0.9980649036719772	LP	0.1939849565708822	LP	3	False	True	False	False	True
(๑>‿<๑)	LP	0.6535904293319974	LP	0.1984465290439351	LP	5	False	True	True	True	True
(๑´ڡ`๑)	LP	0.9693643396063352	LP	0.1988107757835248	LP	2	False	False	True	False	False
(๑˃‿˂)	HP	0.9608104711615928	LP	0.2002385498528297	HP	113	False	True	False	True	False
(๑・̀ㅁ・́๑)	HN-S	0.959364054689398	HN-S	0.2013152469227271	LP	17	False	True	True	False	False
(๑・̀ㅂ・́)	NB	0.9932502013237744	LP	0.2150732333852932	LP	8	False	True	False	False	True
(๑・́₃・̀๑)	HN-S	0.8337246803271059	HN-D	0.1933490930017836	LN	3	False	True	False	False	False
(๑・﹏・)	NB	0.450516098934784	LP	0.2030146444279257	HN-S	2	False	False	False	False	False
(ᐛ)	HP	0.4529224843326092	HN-D	0.1937267157532344	nan	0	False	False	False	False	False
(ᐢ・ᴥ・ᐢ)	HN-S	0.3225539865613375	HN-D	0.2036410560368296	LP	1	False	False	False	False	False
(ᗒᗨᗕ)	HP	0.8573838944729467	HN-D	0.2010382376117218	nan	0	False	False	False	False	False
(ᗜ)	HP	0.9259998489647984	LN	0.1881330276897608	HN-D	1	False	False	False	False	False
(ᗜ3)	HP	0.8398167375809564	NB	0.2023393027318682	HN-S	1	False	False	False	False	False
(ᗜ`)	HP	0.9461693140157412	HN-D	0.1892885607260737	HN-S	1	False	False	False	False	False
(ᗜ㉨)	HN-S	0.5605733339706206	LN	0.1923595594979734	HN-S	1	False	False	False	False	False
(ᵏᵈ)	NB	0.8132861188822514	HN-D	0.2037676378337752	LN	1	False	False	False	False	False
(ᵐᴥᵐ)	NB	0.4724651646528223	HN-D	0.192527985926814	LN	1	False	False	False	False	False
(ᵐᵒᵐ)	HP	0.4217272165732741	HN-D	0.2190595537072709	LN	1	False	False	False	False	False
(ᵒ̌ᴥᵒ̌)	HN-D	0.3825579284581272	HN-D	0.2074721823970649	LN	8	False	True	True	False	False
(ᵒ̌ᵃᵒ̌)	HP	0.7250606171960176	HN-D	0.2173510926744845	HP	4	False	True	False	True	False
(ᵒ̌ᵏᵒ̌)	HN-S	0.4089185038029266	HN-D	0.2205177351258722	NB	1	False	False	False	False	False
(ᵒ̌ᵐᵒ̌)	HP	0.490865136709212	HN-D	0.2426758045676431	HN-S	4	False	True	False	False	False
(ᵒ̌ᵐ㏑)	HN-S	0.3803267494979321	HN-D	0.2231628624372025	HN-S	2	False	False	False	False	False
(ᵒ̌ᵔᵒ̌)	NB	0.5937481129451867	HN-D	0.2210174229203015	HN-D	1	False	False	False	False	False
(ᵒ̌ᵗᵒ̌)	HN-S	0.772696980162425	HN-D	0.2084451696106961	HN-S	4	False	True	False	True	False
(ᵔ̀-̀ᵔ)	HN-S	0.7426793022695869	HN-D	0.2407690716355643	HN-S	1	False	False	False	False	False
(ᵔᴥᵔ)	NB	0.6371648745254462	HN-D	0.190385287666818	HN-D	55	False	True	False	False	True
(ᵔᵔ)	HP	0.9372914839997064	HN-D	0.2142700041411827	LP	1	False	False	False	False	False
(ᵔ‿ᵔ)	NB	0.4097742445837894	HN-D	0.2114566283215137	HN-D	5	False	True	False	False	True
(ᵔㅂᵔ)	HP	0.908415413965286	LP	0.2084444029372203	HN-S	7	False	True	False	False	False
(ᵔㅅᵔ)	HP	0.842360545247482	HN-D	0.1984989807358705	HN-D	4	False	True	False	False	True
(ᵔㅜᵔ)	HP	0.96302895760882	LN	0.2028393773612999	HN-D	1	False	False	False	False	False
(„‿‿‿„)	LP	0.8700702627403242	HN-S	0.2150509740227731	nan	0	False	False	False	False	False
(„・֊・„)	HN-S	0.8698328387430933	HN-D	0.2217054994982931	nan	0	False	False	False	False	False
(„・‿・„)	NB	0.6622168326252104	HN-D	0.219731676439493	nan	0	False	False	False	False	False
(‿͈ˬ‿͈)	LP	0.9941775101332736	HP	0.2784675098598096	nan	0	False	False	False	False	False
(‿‿)	NB	0.7015824543846916	HP	0.1934441829937166	LP	1	False	False	False	False	False
(‿‿‿)	LP	0.969475183805134	LP	0.2061050459217371	HP	6	False	True	True	False	False
(‿‿‿✿)	LP	0.9912711006897514	HP	0.2166211933906044	LP	1	True	False	False	False	False
(⁀˘ω˘⁀)	LP	0.4974393038417031	HP	0.2113973265698172	HN-S	1	False	False	False	False	False
(⁀ᗜ⁀)	HP	0.4723251743319434	HP	0.2293786772210828	LN	19	False	True	True	False	False
(⁀✰)	NB	0.7082887532895625	HP	0.2116716859392802	HN-S	1	False	False	False	False	False
(⁄	HN-S	0.5451366214316201	HN-D	0.2126833670654013	LP	14	False	True	False	False	False
(⁄⁂⁄)	HN-S	0.8001790626998013	HP	0.196703895119886	NB	1	False	False	False	False	False
(⁄⁄・⁄ω⁄・⁄)	LN	0.9995511014161904	HP	0.2558816535435057	HP	1	False	False	False	False	False
(⁄⁄・⁄ω⁄・⁄⁄)	LN	0.998613292830442	HP	0.2134478228401305	nan	0	False	False	False	False	False
(⁎˃ᆺ˂)	HN-D	0.5225179562323452	HP	0.2331927494244879	LN	2	False	False	False	False	False
(⁎˃‿˂⁎)	HP	0.4905545171700578	HP	0.1924811338942574	LP	3	False	True	True	False	False
(⁎‿‿‿⁎)	LP	0.9592416017621388	HP	0.2187786392249055	LP	1	False	False	False	False	False
(≖‿≖)	NB	0.9170252998292044	HN-D	0.1977263137717199	NB	1	False	False	False	False	False
(≧^O^≦)	HP	0.8222908705877648	HP	0.1984602496432417	HN-S	1	False	False	True	False	False
(≧ω≦)	HP	0.9937033597079732	LP	0.1920783901483887	LP	5	False	True	False	False	True
(≧‿≦)	HP	0.9764182597542084	LN	0.2012305316693627	HP	105	True	True	False	True	False
(≧∇≦)	HP	0.9999959442506192	NB	0.1880479938186402	HP	4	False	True	False	True	False
(≧▽≦)	HP	0.9999957307960068	NB	0.1975244207159789	HP	58	True	True	False	True	False
(≧▽≦*)o	HP	0.99541483154439	LN	0.2021797730047916	HP	1	False	False	False	False	False
(≧︿≦)	HN-D	0.998766100557916	HN-D	0.2792165887082177	HN-S	1	False	False	True	False	False
(⊃｡・́‿・̀｡)	HP	0.8729960497131654	LP	0.2758306083244993	HP	2	False	False	False	False	False
(⊙^▽^⊙)	NB	0.7402415309910818	HP	0.2094258567123734	HP	1	False	False	False	False	False
(⊙_⊙)	HN-S	0.9599138488618691	LN	0.1839123092587303	HN-S	104	False	True	False	True	False
(⊙_⊙;)	HN-S	0.9933930055217656	LN	0.1986390591871593	HN-S	13	False	True	False	True	False
(⊙_◎)	HN-S	0.6896645594236481	LP	0.1731829586194616	HN-S	3	False	True	False	True	False
(⊙_☉;)	HN-S	0.8711154295995582	HN-D	0.1804438763190202	HN-S	5	False	True	False	True	False
(⊙o⊙)	HP	0.8732180816268006	HP	0.2044922962097304	HP	1	False	False	True	False	False
(⊙´ ω `⊙)	HN-S	0.9801017239213088	LP	0.1973764684514531	HN-S	1	False	False	False	False	False
(⊙ˊωˋ⊙)	NB	0.96173797353835	LP	0.2076610258645344	HP	1	False	False	False	False	False
(⊙ˊᵔ⊙ˋ)	NB	0.8447768315749083	LP	0.2360223107697641	NB	1	False	False	False	False	False
(⊙′ω`-)	HN-S	0.4969323223717818	HN-D	0.1859604922796546	LP	1	False	False	False	False	False
(⊙‿⊙)	HP	0.7143327489211536	HN-D	0.1792934339177017	nan	0	False	False	False	False	False
(⊙⊃□⊂)	HN-S	0.7945426885356323	HP	0.1962680488587292	LP	1	False	False	False	False	False
(⊙⊙)	HN-S	0.90785813445066	HN-D	0.1840809524403855	HP	1	False	False	False	False	False
(⊙⌒∇⌒⊙)ゝ	HN-S	0.9965964767668214	HP	0.2366704902238442	HP	1	False	False	False	False	False
(⊙▽⊙)	HP	0.8504214471295486	HP	0.1884814113742834	HP	2	False	False	True	False	False
(⊙◞⊙)	HN-S	0.9964801718771288	HP	0.2050179834914534	HN-S	5	False	True	False	True	False
(⊙ヮ⊙)	HP	0.9408413308907164	LP	0.2031053995314947	nan	0	False	False	False	False	False
(⊙﹏⊙)	HN-S	0.9871053005137947	HN-D	0.2036783026509251	HN-S	19	False	True	False	True	False
(⊙�	HN-S	0.888330475503838	HN-D	0.1877017234493283	HP	1	False	False	False	False	False
(⊡-⊡)و	LP	0.95127598607313	HP	0.2260484287458617	nan	0	False	False	False	False	False
(⌐■_ω■)	NB	0.9954706738891452	HP	0.1859002827695578	nan	0	False	False	False	False	False
(⌐■_■)	NB	0.988161606109949	LN	0.1752915952907956	NB	11	False	True	False	True	False
(⌐■‿■)	NB	0.965875027326076	HP	0.1821402012052018	nan	0	False	False	False	False	False
(⌒_⌒;)	LN	0.7950277022573048	LN	0.2346496060013406	LN	4	False	True	True	True	True
(⌒‿⌒)	NB	0.9661795826250672	LN	0.2017871407816365	NB	17	True	True	False	True	False
(⌒▽⌒)	NB	0.9524334949390352	HP	0.1953725323683298	NB	21	False	True	False	True	False
(⌓・ᴥ・⌓)	LN	0.9776137191187292	HN-D	0.1910125041276424	NB	1	False	False	False	False	False
(⌛)	NB	0.9634495051812236	LN	0.2045472888221606	HP	1	False	False	False	False	False
(⌛️)	NB	0.9237985532343758	LN	0.2068971336124706	HN-S	1	False	False	False	False	False
(⌯˃᷄	LN	0.3590473355974109	LN	0.2024567615145947	LN	5	False	True	True	True	True
(⏰)	NB	0.9962210988308507	LP	0.189521807271234	NB	1	False	False	False	False	False
(─‿‿─)	LP	0.537464525153465	HP	0.1983695756677956	nan	0	False	False	False	False	False
(┛▧益▧)	HN-D	0.9881870925992124	LP	0.2107007190949338	LN	1	False	False	False	False	False
(╥_╥)	LN	0.9868700525138624	LP	0.1866839790703749	HN-D	45	False	True	False	False	False
(╥_﹏)	LN	0.9521629698478156	LP	0.1969495663919679	LP	2	False	False	False	False	False
(╥╯﹏╰╥)	HP	0.9232702122214532	LN	0.2076887050118523	LN	1	False	False	False	False	False
(╥﹏╥	LN	0.9034652276617	LN	0.1862687253572426	LP	1	False	False	True	False	False
(╥﹏╥)	LN	0.9034654810993512	LN	0.1871957406300275	HN-D	76	True	True	True	False	False
(╬Ò﹏Ó)	HN-D	0.9964467706840506	HN-D	0.19372629222406	HN-D	6	True	True	True	True	True
(╬ಠ益ಠ)	HN-D	0.9996970748703086	HN-D	0.2169374739870697	HN-D	10	True	True	True	True	True
(╬⊙△⊙)	HN-D	0.9124679899724886	HN-D	0.2065886635057114	HN-S	1	True	False	True	False	False
(╭ರ_・́)	HP	0.8324624983446284	HN-D	0.2201506652683253	nan	0	False	False	False	False	False
(╭☞・́⍛・̀)	HN-D	0.8866440700919112	LN	0.1968149653079698	nan	0	False	False	False	False	False
(╯°□°	HN-D	0.9948232315257202	LP	0.1952527262003657	HP	1	False	False	False	False	False
(╯°□°)	HN-D	0.9964766851924396	LP	0.2004602331359184	HN-D	284	True	True	False	True	False
(╯ↀ╰)	LN	0.6823208426232105	LP	0.2078259591751442	LP	1	False	False	False	False	False
(╯✧∇✧)	HP	0.9992771348243388	LP	0.2422627447710745	nan	0	False	False	False	False	False
(╯✧╰)	HP	0.999433769521472	LP	0.195135155641138	HP	1	False	False	False	False	False
(╯✧╰╯)	HP	0.9903461591164376	HN-D	0.1995633366635602	HP	1	False	False	False	False	False
(╯✧▽✧)	HP	0.999495994517829	LP	0.2284588916268626	HP	3	False	True	False	True	False
(╲︿╱')	HP	0.404099870985722	HN-D	0.1816254198050547	HP	1	False	False	False	False	False
(╹ω╹)	NB	0.970215497121501	LP	0.2568691985624836	nan	0	False	False	False	False	False
(╹‿╹)	NB	0.9747366801483504	LP	0.2241666665027046	LP	2	False	False	False	False	False
(╹▽╹)	NB	0.4998572627760375	LP	0.2499029674940345	NB	1	False	False	False	False	False
(╹ヮ╹)	NB	0.616850184005394	LP	0.2486104017080923	nan	0	False	False	False	False	False
(▼_▼)	HN-S	0.8297126270708921	HN-D	0.1925256633213822	HN-D	1	False	False	False	False	False
(▽▽)	HP	0.5032232515260961	HP	0.2179676288829415	LP	1	False	False	True	False	False
(○´∀`○)	NB	0.7173194580427391	LP	0.1950116092056643	nan	0	False	False	False	False	False
(◎_◎;)	HN-S	0.9910171860444784	LP	0.2010572816813976	nan	0	False	False	False	False	False
(◕_◕)	HN-S	0.7001495149770228	HN-D	0.2236553489338028	nan	0	False	False	False	False	False
(◕ω◕)	NB	0.8052336141129761	HN-D	0.2109145583597559	nan	0	False	False	False	False	False
(◕‿◕)	NB	0.959354058871969	HN-D	0.1838158908102814	HP	40	True	True	False	False	False
(◕‿◕✌)	LP	0.8616369474973001	HN-D	0.208691472193343	HP	1	False	False	False	False	False
(◕‿◕✿)	LP	0.5474578421867742	HP	0.1869808969093258	NB	151	True	True	False	False	False
(◕‿◕�	LP	0.449687273218587	LP	0.1929681853774009	NB	1	False	False	True	False	False
(◕▽◕)	HP	0.8951000305577235	HN-D	0.1904732601601912	nan	0	False	False	False	False	False
(◕▿◕✿)	HP	0.9285702511830192	HN-D	0.2121063825365666	nan	0	False	False	False	False	False
(◕ヮ◕)	HP	0.8266426181110118	LP	0.1931724744238222	nan	0	False	False	False	False	False
(◜‿◝)	NB	0.5246561592136697	LP	0.2048114646593438	nan	0	False	False	False	False	False
(◞‸◟)	LN	0.9978165125031389	HN-D	0.2093075192385438	nan	0	False	False	False	False	False
(◠‿◠)	NB	0.7399971469528385	LP	0.2070155964501425	HP	3	False	True	False	False	False
(◠‿◠✿)	LP	0.7609933852056615	HP	0.2212141234424492	nan	0	False	False	False	False	False
(◠‿・)	NB	0.8476860210230649	LP	0.2128220574404151	nan	0	False	False	False	False	False
(◣_◢)	HN-D	0.977144412280772	HN-D	0.2008683337250563	HN-S	1	False	False	True	False	False
(☀️´▽`)	NB	0.5827345156275657	HP	0.2063716203635226	NB	1	True	False	False	False	False
(☁️‿☁️)	LP	0.97162871062568	HN-D	0.2000216901230314	HP	2	False	False	False	False	False
(★^O^★)	HP	0.999997701020537	LP	0.1935902228200864	HP	1	False	False	False	False	False
(★ω★)	HP	0.9998907387128214	LP	0.192204265407628	HP	5	False	True	False	True	False
(★‿★)	HP	0.999714388742991	LP	0.1850860044987914	HP	1	False	False	False	False	False
(☆▽☆)	HP	0.9999992571748876	LP	0.2194992885484443	nan	0	False	False	False	False	False
(☉‿☉)	NB	0.92154730939159	HN-D	0.2129513624072738	LP	1	False	False	False	False	False
(☕~☕)	LP	0.9367337773420672	LP	0.1820466510412303	LP	1	False	False	True	False	False
(☕‿☕)	LP	0.9992308727792087	HN-D	0.1919341631693906	LP	2	False	False	False	False	False
(☕・ω・)	HN-D	0.4761253383128844	LP	0.1948801567304089	LP	1	False	False	False	False	False
(☕︎˶◕‿◕˶)	LP	0.8367397080740432	LP	0.1922223852328985	LP	1	False	False	True	False	False
(☕︎‿)	LP	0.9956051020905876	HN-D	0.1833208815161516	LP	1	False	False	False	False	False
(☕️‿‿‿)	LP	0.9963718694078147	LN	0.1878630919028997	LP	2	False	False	False	False	False
(☕️‿☕️)	LP	0.9786133373974384	HN-D	0.1828081439967327	LP	1	False	False	False	False	False
(☕️☁️)	LP	0.9997932553590956	LP	0.1884696270512205	LP	1	False	False	True	False	False
(☕️✿✿☕️)	HP	0.540195621710808	LP	0.1895924813523357	LP	1	False	False	False	False	False
(☞‿☞)	NB	0.7999384890895088	HN-D	0.2019398647639249	LP	2	False	False	False	False	False
(☞ﾟヮﾟ)	HP	0.9691171977105644	HN-D	0.1901746741971312	HN-S	5	False	True	False	False	False
(♡^▽^♡)	HP	0.8223265659757636	LP	0.2097611346955409	nan	0	False	False	False	False	False
(♡‿♡)	HP	0.8020656341768259	HN-D	0.2131505816387975	HP	1	True	False	False	False	False
(⚖️)	HN-D	0.8124432068268523	LP	0.1895202511838958	HN-S	1	False	False	False	False	False
(⚠️)	HN-S	0.9583311311921714	HN-S	0.1771536827701862	HN-S	1	False	False	True	False	False
(✈️⚡)	HN-S	0.8068775870355177	HN-D	0.2184966660133576	HN-S	1	False	False	False	False	False
(✌️)	NB	0.9511670292453236	HN-D	0.1879950803981435	NB	1	False	False	False	False	False
(✦‿✦)	HP	0.9782784460993956	HN-D	0.1902801061766975	nan	0	False	False	False	False	False
(✧·∀·)	HP	0.9966030767967888	HP	0.213760934609906	NB	1	False	False	True	False	False
(✧ω✧)	HP	0.9819370137783092	HP	0.206683739405744	HP	10	False	True	True	True	True
(✧‿✧)	HP	0.5711891586511939	HN-D	0.2014552637668236	HP	1	False	False	False	False	False
(✧・̮・)	HP	0.9224428410281597	HN-S	0.1895549722861446	LN	1	False	False	False	False	False
(✧・ω・✧)	HP	0.9986905892002024	LP	0.1910981669998584	LN	1	False	False	False	False	False
(✧︎️✧)	HP	0.9985757612198004	HP	0.2085680548282378	LN	1	False	False	True	False	False
(✧️)	HP	0.9835079689615568	HN-D	0.1975158147512935	LN	1	False	False	False	False	False
(✨)	NB	0.955839359313776	LP	0.2091067433008883	LP	7	False	True	False	False	True
(✿´◜౪◝`✿)	LN	0.9283803491424492	LP	0.2018647309381688	LP	1	False	False	False	False	False
(✿´◜‿◝`✿)	LN	0.6929764227359642	HN-D	0.1857328034903379	HP	1	False	False	False	False	False
(✿‾‾)	LP	0.2917746040968482	HN-D	0.1914207062170966	HP	1	False	False	False	False	False
(✿‿❀)	LP	0.6476899862726263	LP	0.2266440050852144	HP	3	False	True	True	False	False
(✿‿❥)	LP	0.6453097952491464	LP	0.2272002629710303	HP	1	False	False	True	False	False
(✿╹‿╹)	NB	0.5643863694448983	HN-D	0.2142314535902158	NB	18	False	True	False	True	False
(✿◕‿◕)	HP	0.8719439330183267	HP	0.185337007677706	HP	5	True	True	True	True	True
(✿◕‿◕✿)	HP	0.9683107097748556	LP	0.1868337325265694	LP	3	False	True	False	False	True
(✿◠‿◠)	LP	0.7466078489530664	LP	0.1980428950275319	LP	98	False	True	True	True	True
(✿◠‿�	LP	0.7070153106120489	LP	0.1924198146749116	NB	1	False	False	True	False	False
(✿・̀ㅁ・́)	HP	0.7289771928455787	LP	0.1911473349104736	nan	0	False	False	False	False	False
(❀‿❀)	HP	0.5422627544733727	HN-D	0.2456334695991872	LP	1	False	False	False	False	False
(❁´‿`❁)	HP	0.7723258096888732	HP	0.2000165419453667	LP	1	False	False	True	False	False
(❄️)	NB	0.4424906887767656	HN-D	0.2075654477156236	LP	2	False	False	False	False	False
(❤️)	LN	0.4729043855644746	HP	0.1845170482637019	LN	5	False	True	False	True	False
"(⸜�//
⸝̫⸝)"	HP	0.9800382398305054	HP	0.2550606132696705	LN	1	False	False	True	False	False
(　´∀`)	NB	0.7491059338452623	HP	0.264491453595886	HN-D	2	False	False	False	False	False
(　´∀`　)	LP	0.853870308101562	HP	0.2459638782741876	HN-S	3	False	True	False	False	False
(〃¬‿¬〃)	HN-D	0.8558153568051764	HP	0.2205342113257287	LN	1	False	False	False	False	False
(〃°ω°〃)	HP	0.972106813763876	HP	0.2281304713383101	LP	1	False	False	True	False	False
(〃´ω`〃)	LP	0.3687817303074853	LP	0.2233517198752071	LP	1	False	False	True	False	False
(〃´д`)	HN-S	0.6250556495955493	HP	0.1941478973821369	LN	1	False	False	False	False	False
(〃∇〃)	HP	0.9985155238394896	HP	0.2389801638860471	LN	1	False	False	True	False	False
(〃▽〃)	HP	0.9632482637522756	HP	0.2442323214854084	LN	1	False	False	True	False	False
(〃▿〃)	LP	0.4902466147229307	LN	0.1907579694989427	NB	1	False	False	False	False	False
(〃＾▽＾〃)	HP	0.7954581969515703	HP	0.2501230718706489	NB	1	False	False	True	False	False
(〃ﾟ3ﾟ〃)	HP	0.987455381924783	HP	0.2180403966308747	HN-D	3	False	True	True	False	False
(〃￣ω￣〃)	LP	0.5388379909240479	HP	0.2147323849396598	LP	1	False	False	False	False	False
(つ≧▽≦)	HP	0.997389296576726	HP	0.2693772958271389	HP	3	False	True	True	True	True
(つ◕o◕)	HP	0.6077752082183727	HP	0.2434962420651477	LN	1	False	False	True	False	False
(づ｡◕‿‿◕｡)	HP	0.950531359879462	NB	0.1903116831553911	HP	1	False	False	False	False	False
(づ｡◕‿◕｡)	HP	0.4080103186629643	NB	0.2114248068498667	nan	0	False	False	False	False	False
(゜∇゜)	NB	0.8528928896140369	LP	0.2155835285003272	nan	0	False	False	False	False	False
(ノ◕ヮ◕)	HP	0.9999001970577136	LP	0.2568597770627062	HP	4	True	True	False	True	False
(・	HN-S	0.7253332078444696	HN-D	0.1905996544782805	nan	0	False	False	False	False	False
(・_・)	NB	0.9179901255961548	HN-D	0.2263742953556192	NB	69	True	True	False	True	False
(・_・;)	HN-S	0.9875222768155342	HN-D	0.2605062962925556	NB	22	True	True	False	False	False
(・_・;?)	HN-S	0.9996573874237276	HN-D	0.2558685081699262	HN-S	1	False	False	False	False	False
(・_・?)	NB	0.5538866795005051	HN-D	0.2909872137742461	NB	1	False	False	False	False	False
(・_・ゞ−☆	HN-S	0.6423891075892612	HN-D	0.2096552357418148	nan	0	False	False	False	False	False
(・_・ヾ	HN-S	0.8931406313745034	HN-D	0.1993084511914304	NB	3	False	True	False	False	False
(・`ω´・)	HN-S	0.6934230111189025	HN-D	0.2133487847440118	NB	1	False	False	False	False	False
(・̀.̫・́)	HN-S	0.9957773891223882	HN-D	0.237391760271977	nan	0	False	False	False	False	False
(・̀_・́)	HN-S	0.9966164677399664	HN-D	0.2457761525163363	nan	0	False	False	False	False	False
(・̀ω・́	HN-S	0.9596888393214316	HN-D	0.1891622874863128	nan	0	False	False	False	False	False
(・̀ω・́)	HN-S	0.959698097949846	HN-D	0.189088569545015	NB	34	False	True	False	False	False
(・̀‿-)	HN-S	0.9393563557797836	HN-D	0.2294388518905366	nan	0	False	False	False	False	False
(・̀‿・́)	HN-S	0.9881030803051086	HP	0.20998891649478	NB	69	False	True	False	False	False
(・̀ㅁ・́)	HN-S	0.9835001467676172	HN-D	0.2011583020618951	HN-D	1	False	False	False	False	False
(・̀ㅁ・́;)	HN-S	0.9499466119845632	HN-D	0.3095942474552871	nan	0	False	False	False	False	False
(・̀ㅂ・́)	HN-S	0.9104902676850306	HN-D	0.2097221260388513	nan	0	False	False	False	False	False
(・́⌓・̀)	HN-S	0.995485842683837	HN-D	0.2540199304207944	nan	0	False	False	False	False	False
(・́︵・̀)	HN-S	0.9497039141868648	HN-D	0.2238567205382453	nan	0	False	False	False	False	False
(・ε・)	HN-S	0.9331059188059264	HN-D	0.2043397305482234	nan	0	False	False	False	False	False
(・ω<)	NB	0.9194451645436283	LP	0.2177615976988764	nan	0	False	False	False	False	False
(・ω・)	NB	0.9617688930177476	LP	0.2162422367447883	NB	8	True	True	False	True	False
(・ω・;)	HN-S	0.9999422512682612	HN-D	0.2217988959288023	HN-S	1	False	False	False	False	False
(・ω・?)	HN-S	0.9959838638799696	HN-D	0.2296707767676203	NB	1	True	False	False	False	False
(・ω・`)	HN-S	0.9996717303807716	LP	0.1909683762489389	HP	1	False	False	False	False	False
(・ω・`)ゝo☆	HP	0.9999475417533162	HP	0.2304465669977117	HP	1	False	False	True	False	False
(・ω・ﾉ	HN-S	0.6736524962055099	HP	0.2018310581067313	nan	0	False	False	False	False	False
(・ө・)	HN-S	0.9563160217780888	HN-D	0.1991820106906423	NB	2	False	False	False	False	False
(・‾‿‾・)	NB	0.9959219766469628	LP	0.2062297003501943	nan	0	False	False	False	False	False
(・‿・)	NB	0.9974074513485536	HP	0.1933313501758309	NB	23	False	True	False	True	False
(・∀・)	NB	0.9972977137622112	HP	0.2040867195129617	NB	13	False	True	False	True	False
(・∀・;)	HN-S	0.9680616339438988	HN-D	0.2158425077048725	nan	0	False	False	False	False	False
(・▽・)	NB	0.9903414139219126	HP	0.2096313996912021	HP	1	False	False	False	False	False
(・⩊・)	NB	0.8369122897981055	HP	0.2207131001202685	nan	0	False	False	False	False	False
(・へ・)	HN-S	0.9646125579955062	HP	0.199030172825935	nan	0	False	False	False	False	False
(・・;)	HN-S	0.9833531048086984	LP	0.2620644799055679	nan	0	False	False	False	False	False
(・・;ノ)	HN-S	0.9910220684915324	LP	0.2498684503308315	HN-D	1	False	False	False	False	False
(・﹏・)	HN-S	0.9943633657918038	HN-D	0.2164279831968552	nan	0	False	False	False	False	False
(ーー;)	HN-D	0.7618354413428832	HN-D	0.2139979901612808	nan	0	False	False	True	False	False
(人*´∀`)	HP	0.5229869958352656	LP	0.1981572393614695	HP	1	False	False	False	False	False
(人*´∇	LP	0.5725938782120165	LP	0.1935076114783678	LP	2	False	False	True	False	False
(灬°‿°灬)	LP	0.4196528537977151	HN-S	0.1795412979230081	nan	0	False	False	False	False	False
(ꈍ‿ꈍ✨)	HP	0.950285634196588	LP	0.2306664224739573	HP	1	False	False	False	False	False
(ꈍ‿ꈍ�	HN-S	0.5542993694368938	LP	0.2194276038373314	HN-D	1	False	False	False	False	False
(꒪_꒪ׅ)	HN-D	0.654313480136386	HN-D	0.3060613363217087	HN-D	1	False	False	True	False	False
(꒪_꒪✿)	HN-S	0.5389315907550315	HN-D	0.2534982596135745	HN-D	1	False	False	False	False	False
(꒪ヮ꒪)	HP	0.9764157323468508	LP	0.2481893301495732	HP	1	False	False	False	False	False
(꒪ꇴ꒪)	HN-S	0.5631775645653875	HN-D	0.2370969794289216	HN-S	3	False	True	False	True	False
(꒪꒫	HN-D	0.4749405299212614	HN-D	0.2183604326310993	HP	1	False	False	True	False	False
(눈_눈)	HN-D	0.9810251230224296	HN-S	0.1742730023255873	nan	0	False	False	False	False	False
(️)	HN-S	0.8761140699310865	HP	0.1918625912493367	HN-S	6	False	True	False	True	False
(️⚠️)	HN-S	0.9769718777922648	HP	0.1920313250342027	HN-S	1	False	False	False	False	False
(️⚰️)	HN-S	0.7136253049288187	HP	0.2223419637080128	HN-D	1	False	False	False	False	False
(️✈️)	NB	0.5872201698844244	HP	0.1953314169529844	HN-S	2	False	False	False	False	False
(️❤️)	HN-S	0.8722179103392422	HP	0.2024950754408885	HN-D	2	False	False	False	False	False
(️️)	HN-S	0.964018819975712	HP	0.1935042360907182	HN-D	5	False	True	False	False	False
(️️️)	HN-S	0.989618208256152	HP	0.1946584511387835	HN-D	2	False	False	False	False	False
(︵・ω・)	LN	0.8640887684187817	HN-D	0.1977654357787498	HN-S	2	False	False	False	False	False
(︵・ω・︵)	LN	0.5663508428240271	HN-D	0.2087085109251477	HN-S	1	False	False	False	False	False
(︵︵)	LN	0.7661062043548966	HN-D	0.2551985239385088	HN-S	3	False	True	False	False	False
(︵︶︵)	LN	0.8909076178874678	HN-D	0.2156078321458418	LN	2	False	False	False	False	False
(︵︿︵)	LN	0.7682780610720494	HN-D	0.2735585261730718	LN	2	False	False	False	False	False
(︶︿︶)	LN	0.8255563959566423	HN-D	0.244019552867183	LN	2	False	False	False	False	False
(︾⌐‿︾)	HP	0.7864881998570887	LP	0.2056293035923564	HN-D	1	False	False	False	False	False
(︿︿)	NB	0.4840823211045881	HN-D	0.2707185351665686	HN-D	49	False	True	False	False	True
(﹏-)	HN-S	0.9470702423377552	HN-D	0.1797629796904072	HN-S	2	False	False	False	False	False
(＾3＾)	NB	0.871182531507733	HP	0.2339746590709494	LP	1	False	False	False	False	False
(＾_＾)	NB	0.9404801315199972	HN-D	0.1740213966098737	LP	1	False	False	False	False	False
(＾‿＾)	NB	0.984870055314279	HP	0.2034602692251893	NB	34	False	True	False	True	False
(＾∇＾)	HP	0.8471919536334238	HP	0.2118083022024362	LP	1	False	False	True	False	False
(＾▽＾)	NB	0.9072492300963816	HP	0.2252883543562008	LP	4	True	True	False	False	False
(＾・ω・＾)	NB	0.9986008422190183	HP	0.1978692174925561	nan	0	False	False	False	False	False
(＾ｪ＾)	NB	0.9796752258944624	HP	0.1876183662397542	LP	1	False	False	False	False	False
(ｏ❁・‿・❁)�	NB	0.7563968612873717	LP	0.2209111970755021	HP	1	False	False	False	False	False
(ｏ・ω・)	NB	0.9310858357887014	LP	0.2283160352275278	HP	3	False	True	False	False	False
(ｏ・ω・)ﾉﾞ	NB	0.8029539988186892	LP	0.2570591375988137	HP	1	False	False	False	False	False
(｡-ω-)	LN	0.990946963357288	LP	0.2180992322262462	LP	1	True	False	False	False	False
(｡-∀-)	NB	0.9397711222224202	LP	0.1979039100320506	LN	3	False	True	False	False	False
(｡>‿<｡)	HP	0.965012863719352	LP	0.214821901872887	nan	0	False	False	False	False	False
(｡>﹏<｡)	HN-S	0.971741489662622	HN-S	0.2012656355996354	HN-S	5	False	True	True	True	True
(｡´▽`｡)	LP	0.8402351891491375	LP	0.2711619012916363	LP	1	False	False	True	False	False
(｡´꒳`｡)	LP	0.9981617174803812	LP	0.2035533533148741	nan	0	False	False	True	False	False
(｡˃ᆺ˂｡)	HN-S	0.7211622128627468	LP	0.2170361392437399	HP	2	False	False	False	False	False
(｡˃‿˂)	HP	0.8248035627555906	LP	0.2479032831036893	HP	10	True	True	False	True	False
(｡˃‿˂｡)	HP	0.9454632687781184	LP	0.2656454372018801	HP	1	False	False	False	False	False
(｡˘-˘｡)	HN-D	0.3061812719946643	HN-D	0.2246348067258334	LP	1	True	False	True	False	False
(｡‿‿‿｡)	LP	0.7510441056465731	LP	0.2564416288667338	LP	17	False	True	True	True	True
(｡╯︵╰｡)	LN	0.9996558612325877	HN-D	0.3009584343185548	LN	39	False	True	False	True	False
(｡╹ω╹｡)	NB	0.8976794675384134	LP	0.1938373807824168	nan	0	False	False	False	False	False
(｡◕‿◕｡)	NB	0.9607236922607096	LP	0.213554250247683	NB	83	True	True	False	True	False
(｡◕◕｡)	NB	0.9649727450197284	HN-D	0.1999892397161471	nan	0	False	False	False	False	False
(｡♥‿♥｡)	LP	0.9563140472744348	LP	0.2652851148404765	LP	55	True	True	True	True	True
(｡・	NB	0.6507803963104839	LP	0.2119869397142727	nan	0	False	False	False	False	False
(｡・ˇ‸ˇ・｡)	HN-D	0.3996798402153417	HN-D	0.1893096473894809	HN-D	3	False	True	True	True	True
(｡・̀‿-)	NB	0.4833077546734556	LP	0.2138547093079096	NB	21	True	True	False	True	False
(｡・̀‿・́｡)	NB	0.5579198733403012	LP	0.2133427900184284	nan	0	False	False	False	False	False
(｡・́ω・̀｡)	LN	0.9797013415035212	HN-D	0.2260044201483075	nan	0	False	False	False	False	False
(｡・́‿・̀｡)	LN	0.4922636644059009	HN-D	0.2219819266050346	LN	5	False	True	False	True	False
(｡・́⌒・̀｡)	LN	0.9980187794561995	HN-S	0.2370209886685556	nan	0	False	False	False	False	False
(｡・́︵・̀｡)	LN	0.9962636613141764	HN-S	0.2332724318102586	LN	1	False	False	False	False	False
(｡・́︿・̀｡)	LN	0.9416165766897192	HN-D	0.2490545823785949	LN	206	True	True	False	True	False
(｡・ω・｡)	NB	0.7921896620603428	LP	0.2312203620683945	LP	14	True	True	False	False	True
(｡・‿・｡)	LP	0.54152257643114	LP	0.2016123047613543	LP	2	True	False	True	False	False
(｡・∀・)｡'	LP	0.5646682291670126	LP	0.2184566014078793	LN	1	False	False	True	False	False
(｡・∀・)ﾉﾞ	HP	0.7336641888828696	LP	0.2317146039611816	LN	2	False	False	False	False	False
(｡・ㅅ・｡)	LP	0.4789905624013511	LP	0.2261037726307078	LP	3	False	True	True	True	True
(ﾉ>ω<)	HP	0.9999936330461624	HP	0.2235489318533136	HP	34	False	True	True	True	True
(ﾉ^_^)	HP	0.998075091930884	LP	0.2339150469870795	LP	1	False	False	False	False	False
(ﾉ´-`ﾉ)	LN	0.8690081913880631	HN-D	0.2178982872506028	HN-D	1	False	False	False	False	False
(ﾉ´_´)	LN	0.8382934579702693	HN-D	0.2788378435335682	LN	2	False	False	False	False	False
(ﾉ´ω`ﾉ)	LN	0.962073623179964	HN-D	0.233078277845692	HN-D	4	False	True	False	False	True
(ﾉ´з`)	LN	0.7727393191925397	HN-D	0.2049536517632015	HP	1	False	False	False	False	False
(ﾉ´・ω・)	LN	0.8027073644420267	HN-D	0.2189121865052227	LN	3	False	True	False	True	False
(ﾉ´・ω・`)	LN	0.952553167116818	HN-D	0.2217432326152527	HN-D	22	False	True	False	False	True
(ﾉ´ﾉ)	HP	0.515586924750992	HN-D	0.2061345101649773	HN-D	2	False	False	False	False	False
(ﾉ´ﾟдﾟ)	HN-S	0.7386440599715314	HN-D	0.2768695015358689	HP	1	False	False	False	False	False
(ﾉωﾉ)	LN	0.6007661424235261	HN-D	0.2047278271777433	nan	0	False	False	False	False	False
(ﾉ≧▽≦�	HP	0.9999989171228728	HN-D	0.1963511154066464	HP	1	False	False	False	False	False
(ﾉ◕‿◕	HP	0.9926777601685752	HP	0.2161537593070696	HN-S	1	False	False	True	False	False
(ﾉ◕ヮ◕	HP	0.9997979900144714	LP	0.2095847304610807	HP	2	False	False	False	False	False
(ﾉ◕ヮ◕)	HP	0.9997979892254646	LP	0.2095658184762333	HP	407	True	True	False	True	False
(ﾉﾞﾉﾟ)	HP	0.999586456675175	HN-D	0.2219201167420638	HN-S	1	False	False	False	False	False
(ﾟωﾟ)	NB	0.5863514898504145	HN-D	0.1837191080401821	LP	1	False	False	False	False	False
(ﾟдﾟ)	HN-S	0.922568758611778	HN-D	0.1935727894634679	HN-D	30	False	True	False	False	True
(ﾟ‿ﾟ)	NB	0.8512037363895053	HN-S	0.1946806559702286	LP	3	False	True	False	False	False
(ﾟ∀ﾟ)	HP	0.9792549837239574	HP	0.2307009280282248	HP	7	False	True	True	True	True
(ﾟ∇ﾟ)	HP	0.9999400093481532	LP	0.1972403997652723	HP	4	False	True	False	True	False
(ﾟ▽ﾟ)	HP	0.8913341439502384	LP	0.237247149536919	nan	0	False	False	False	False	False
(ﾟ◕‿ﾟ)	HP	0.9987037717961272	HN-S	0.1843345107158414	HN-S	1	False	False	False	False	False
(ﾟ☉ﾟ)	HP	0.8510671891020382	HN-D	0.2047911524827524	HN-D	1	False	False	False	False	False
(ﾟヘﾟ)	HP	0.8630103733521634	HN-D	0.2158732475007976	HN-S	3	False	True	False	False	False
(ﾟヮﾟ)	HP	0.950933768374724	LP	0.186979286028579	HP	2	False	False	False	False	False
(ﾟーﾟ)	NB	0.6984950891860531	HN-D	0.2033267083413902	nan	0	False	False	False	False	False
(ﾟ﹏ﾟ)	HN-S	0.8742906188552813	HN-D	0.2570038707140292	LN	3	False	True	False	False	False
(ﾟｰﾟ)	HP	0.6540591648819479	HN-D	0.2024991600262288	LN	5	False	True	False	False	False
(ﾟﾛﾟ)	HP	0.996505458072337	HN-D	0.2149691420742709	LN	1	False	False	False	False	False
(￣^￣)	NB	0.7969055076983744	HN-S	0.2009245655226603	LP	3	False	True	False	False	False
(￣_￣)	HN-D	0.4178218346545778	HN-S	0.1954392472610355	HN-D	3	False	True	False	True	False
(￣_￣;)	LN	0.5910376325277892	HN-S	0.1990501933516686	HN-S	5	False	True	False	False	True
(￣~￣;)	LN	0.8288510602667064	HN-S	0.1974417433121118	nan	0	False	False	False	False	False
(￣ε￣;)	LP	0.8316511752921361	LP	0.1905122053877233	LP	1	False	False	True	False	False
(￣ω￣)	NB	0.85858597189188	LP	0.202734865189436	LP	2	False	False	False	False	False
(￣ω￣;)	LN	0.7315205512601225	LN	0.194916750196533	HN-S	10	False	True	True	False	False
(￣∇￣)	NB	0.7763765901065909	HP	0.1970786016998715	NB	19	False	True	False	True	False
(￣∇￣;)	LN	0.625261242287678	HP	0.1912590758272184	LP	6	False	True	False	False	False
(￣▽￣)	LP	0.641577874210929	HP	0.213521818025745	NB	72	False	True	False	False	False
(￣▽￣;)	HN-S	0.8927314681176445	HP	0.1915165847145723	HN-S	10	False	True	False	True	False
(￣へ￣)	HN-D	0.9775386806014296	HN-S	0.2157965979097426	nan	0	False	False	False	False	False
(￣ヘ￣)	HN-D	0.9938174288961524	HN-D	0.2270850809012798	nan	0	False	False	True	False	False
(￣ヘ￣;)	HN-D	0.969052112074098	HN-D	0.2637324917870018	nan	0	False	False	True	False	False
(￣ー￣)	NB	0.5505471399361144	HN-S	0.1922030304173181	nan	0	False	False	False	False	False
(￣ー￣;)	HN-S	0.9327489828904	HN-S	0.2025249651448044	nan	0	False	False	True	False	False
(￣︶￣)	LP	0.8659267913987271	HP	0.1961186375416088	LN	4	False	True	False	False	False
(￣︿￣)	HN-D	0.9530176024720498	HN-D	0.3128430416629933	HN-S	2	False	False	True	False	False
(￣﹃￣)	LP	0.904683300571369	HN-S	0.1960021034852053	HN-D	2	False	False	False	False	False
(￣﹏￣)	HN-S	0.583819911314596	HN-S	0.215866378047957	HN-D	6	False	True	True	False	False
(￣￢￢)	LP	0.9058388745619002	HN-S	0.2308869260353455	HN-S	1	False	False	False	False	False
(￣￣)	NB	0.7843215433553933	HN-S	0.2031178235753992	HN-S	7	False	True	False	False	True
(￣￣;✿)	LP	0.8798002782125401	HN-S	0.1973409872724994	HN-S	1	False	False	False	False	False
(￣￣;￣￣)	HN-S	0.5026759541524745	HN-S	0.2133450619770096	LN	1	False	False	True	False	False
(�sad)	HN-S	0.4071062976821747	HN-D	0.2007992129729041	LN	1	False	False	False	False	False
(�ó_Á⇂)	NB	0.967112169165289	HN-D	0.187932520993148	HN-S	1	False	False	False	False	False
