first_word	gemma_emit_count	gemma_emit_HP	gemma_emit_LP	gemma_emit_HN-D	gemma_emit_HN-S	gemma_emit_LN	gemma_emit_NB	gemma_modal	gemma_modal_frac	qwen_emit_count	qwen_emit_HP	qwen_emit_LP	qwen_emit_HN-D	qwen_emit_HN-S	qwen_emit_LN	qwen_emit_NB	qwen_modal	qwen_modal_frac	ministral_emit_count	ministral_emit_HP	ministral_emit_LP	ministral_emit_HN-D	ministral_emit_HN-S	ministral_emit_LN	ministral_emit_NB	ministral_modal	ministral_modal_frac	gpt_oss_20b_emit_count	gpt_oss_20b_emit_HP	gpt_oss_20b_emit_LP	gpt_oss_20b_emit_HN-D	gpt_oss_20b_emit_HN-S	gpt_oss_20b_emit_LN	gpt_oss_20b_emit_NB	gpt_oss_20b_modal	gpt_oss_20b_modal_frac	granite_emit_count	granite_emit_HP	granite_emit_LP	granite_emit_HN-D	granite_emit_HN-S	granite_emit_LN	granite_emit_NB	granite_modal	granite_modal_frac	claude_emit_count	claude_emit_HP	claude_emit_LP	claude_emit_HN-D	claude_emit_HN-S	claude_emit_LN	claude_emit_NB	claude_modal	claude_modal_frac	present_in	n_sources	all_modal_agree	jsd_gemma_qwen	jsd_gemma_ministral	jsd_gemma_gpt_oss_20b	jsd_gemma_granite	jsd_gemma_claude	jsd_qwen_ministral	jsd_qwen_gpt_oss_20b	jsd_qwen_granite	jsd_qwen_claude	jsd_ministral_gpt_oss_20b	jsd_ministral_granite	jsd_ministral_claude	jsd_gpt_oss_20b_granite	jsd_gpt_oss_20b_claude	jsd_granite_claude
(	0	0	0	0	0	0	0		0.0	0	0	0	0	0	0	0		0.0	0	0	0	0	0	0	0		0.0	0	0	0	0	0	0	0		0.0	30	5	18	0	0	2	5	LP	0.6	0	0	0	0	0	0	0		0.0	granite	1																
(((;°д°)))	0	0	0	0	0	0	0		0.0	0	0	0	0	0	0	0		0.0	0	0	0	0	0	0	0		0.0	0	0	0	0	0	0	0		0.0	0	0	0	0	0	0	0		0.0	2	0	0	0	2	0	0	HN-S	1.0	claude	1																
(((o(*°▽°*)o)))	0	0	0	0	0	0	0		0.0	0	0	0	0	0	0	0		0.0	0	0	0	0	0	0	0		0.0	0	0	0	0	0	0	0		0.0	0	0	0	0	0	0	0		0.0	1	1	0	0	0	0	0	HP	1.0	claude	1																
(-‸–)	1	0	0	0	0	1	0	LN	1.0	0	0	0	0	0	0	0		0.0	0	0	0	0	0	0	0		0.0	0	0	0	0	0	0	0		0.0	0	0	0	0	0	0	0		0.0	0	0	0	0	0	0	0		0.0	gemma	1																
(._.)	0	0	0	0	0	0	0		0.0	1	0	0	0	0	1	0	LN	1.0	0	0	0	0	0	0	0		0.0	0	0	0	0	0	0	0		0.0	0	0	0	0	0	0	0		0.0	0	0	0	0	0	0	0		0.0	qwen	1																
(/≧▽≦)	0	0	0	0	0	0	0		0.0	0	0	0	0	0	0	0		0.0	0	0	0	0	0	0	0		0.0	0	0	0	0	0	0	0		0.0	1	0	1	0	0	0	0	LP	1.0	0	0	0	0	0	0	0		0.0	granite	1																
(;'ω';)	0	0	0	0	0	0	0		0.0	1	0	0	0	1	0	0	HN-S	1.0	0	0	0	0	0	0	0		0.0	0	0	0	0	0	0	0		0.0	0	0	0	0	0	0	0		0.0	0	0	0	0	0	0	0		0.0	qwen	1																
(;;)	0	0	0	0	0	0	0		0.0	6	0	0	0	0	6	0	LN	1.0	0	0	0	0	0	0	0		0.0	0	0	0	0	0	0	0		0.0	0	0	0	0	0	0	0		0.0	0	0	0	0	0	0	0		0.0	qwen	1																
(;;_;;)	0	0	0	0	0	0	0		0.0	2	0	0	0	2	0	0	HN-S	1.0	0	0	0	0	0	0	0		0.0	0	0	0	0	0	0	0		0.0	0	0	0	0	0	0	0		0.0	0	0	0	0	0	0	0		0.0	qwen	1																
(;_;)	0	0	0	0	0	0	0		0.0	3	0	0	0	1	2	0	LN	0.6667	0	0	0	0	0	0	0		0.0	0	0	0	0	0	0	0		0.0	0	0	0	0	0	0	0		0.0	0	0	0	0	0	0	0		0.0	qwen	1																
(;`ﾉωﾉ´)	0	0	0	0	0	0	0		0.0	0	0	0	0	0	0	0		0.0	0	0	0	0	0	0	0		0.0	0	0	0	0	0	0	0		0.0	1	0	1	0	0	0	0	LP	1.0	0	0	0	0	0	0	0		0.0	granite	1																
(;´д`)	0	0	0	0	0	0	0		0.0	38	0	0	5	6	27	0	LN	0.7105	0	0	0	0	0	0	0		0.0	0	0	0	0	0	0	0		0.0	0	0	0	0	0	0	0		0.0	0	0	0	0	0	0	0		0.0	qwen	1																
(;´༎ຶд༎ຶ`)	0	0	0	0	0	0	0		0.0	12	0	0	0	5	7	0	LN	0.5833	0	0	0	0	0	0	0		0.0	0	0	0	0	0	0	0		0.0	0	0	0	0	0	0	0		0.0	0	0	0	0	0	0	0		0.0	qwen	1																
(;´∀`)	0	0	0	0	0	0	0		0.0	2	0	0	0	0	2	0	LN	1.0	0	0	0	0	0	0	0		0.0	0	0	0	0	0	0	0		0.0	0	0	0	0	0	0	0		0.0	0	0	0	0	0	0	0		0.0	qwen	1																
(;´꒳`)	0	0	0	0	0	0	0		0.0	1	0	0	0	0	1	0	LN	1.0	0	0	0	0	0	0	0		0.0	0	0	0	0	0	0	0		0.0	0	0	0	0	0	0	0		0.0	0	0	0	0	0	0	0		0.0	qwen	1																
(;ω;)	0	0	0	0	0	0	0		0.0	47	2	0	0	8	37	0	LN	0.7872	0	0	0	0	0	0	0		0.0	0	0	0	0	0	0	0		0.0	0	0	0	0	0	0	0		0.0	0	0	0	0	0	0	0		0.0	qwen	1																
(;д;)	0	0	0	0	0	0	0		0.0	1	0	0	0	1	0	0	HN-S	1.0	0	0	0	0	0	0	0		0.0	0	0	0	0	0	0	0		0.0	0	0	0	0	0	0	0		0.0	0	0	0	0	0	0	0		0.0	qwen	1																
(;′⌒`)	0	0	0	0	0	0	0		0.0	25	0	0	6	14	5	0	HN-S	0.56	0	0	0	0	0	0	0		0.0	0	0	0	0	0	0	0		0.0	0	0	0	0	0	0	0		0.0	0	0	0	0	0	0	0		0.0	qwen	1																
(;⁎_⁎)	0	0	0	0	0	0	0		0.0	1	0	0	0	1	0	0	HN-S	1.0	0	0	0	0	0	0	0		0.0	0	0	0	0	0	0	0		0.0	0	0	0	0	0	0	0		0.0	0	0	0	0	0	0	0		0.0	qwen	1																
(;╹⌓╹)	0	0	0	0	0	0	0		0.0	0	0	0	0	0	0	0		0.0	0	0	0	0	0	0	0		0.0	0	0	0	0	0	0	0		0.0	0	0	0	0	0	0	0		0.0	1	0	0	0	0	1	0	LN	1.0	claude	1																
(;へ:)	0	0	0	0	0	0	0		0.0	1	1	0	0	0	0	0	HP	1.0	0	0	0	0	0	0	0		0.0	0	0	0	0	0	0	0		0.0	0	0	0	0	0	0	0		0.0	0	0	0	0	0	0	0		0.0	qwen	1																
(;・`O・´)	0	0	0	0	0	0	0		0.0	1	0	0	0	1	0	0	HN-S	1.0	0	0	0	0	0	0	0		0.0	0	0	0	0	0	0	0		0.0	0	0	0	0	0	0	0		0.0	0	0	0	0	0	0	0		0.0	qwen	1																
(;一_一)	0	0	0	0	0	0	0		0.0	2	0	0	0	1	1	0	HN-S	0.5	0	0	0	0	0	0	0		0.0	0	0	0	0	0	0	0		0.0	0	0	0	0	0	0	0		0.0	0	0	0	0	0	0	0		0.0	qwen	1																
(;︵;)	0	0	0	0	0	0	0		0.0	0	0	0	0	0	0	0		0.0	0	0	0	0	0	0	0		0.0	0	0	0	0	0	0	0		0.0	0	0	0	0	0	0	0		0.0	1	0	0	1	0	0	0	HN-D	1.0	claude	1																
(;﹏;)	0	0	0	0	0	0	0		0.0	1	0	0	0	1	0	0	HN-S	1.0	0	0	0	0	0	0	0		0.0	0	0	0	0	0	0	0		0.0	0	0	0	0	0	0	0		0.0	0	0	0	0	0	0	0		0.0	qwen	1																
(=^-^=)	0	0	0	0	0	0	0		0.0	0	0	0	0	0	0	0		0.0	0	0	0	0	0	0	0		0.0	6	0	2	0	1	2	1	LP	0.3333	0	0	0	0	0	0	0		0.0	0	0	0	0	0	0	0		0.0	gpt_oss_20b	1																
(=^-ω-^=)	0	0	0	0	0	0	0		0.0	0	0	0	0	0	0	0		0.0	0	0	0	0	0	0	0		0.0	22	2	4	3	4	3	6	NB	0.2727	0	0	0	0	0	0	0		0.0	0	0	0	0	0	0	0		0.0	gpt_oss_20b	1																
(=^-ω^-=)	0	0	0	0	0	0	0		0.0	0	0	0	0	0	0	0		0.0	0	0	0	0	0	0	0		0.0	1	0	1	0	0	0	0	LP	1.0	0	0	0	0	0	0	0		0.0	0	0	0	0	0	0	0		0.0	gpt_oss_20b	1																
(=^_^=)	0	0	0	0	0	0	0		0.0	0	0	0	0	0	0	0		0.0	0	0	0	0	0	0	0		0.0	0	0	0	0	0	0	0		0.0	2	0	1	0	0	1	0	LP	0.5	0	0	0	0	0	0	0		0.0	granite	1																
(=^・^=)	0	0	0	0	0	0	0		0.0	0	0	0	0	0	0	0		0.0	0	0	0	0	0	0	0		0.0	1	0	1	0	0	0	0	LP	1.0	0	0	0	0	0	0	0		0.0	0	0	0	0	0	0	0		0.0	gpt_oss_20b	1																
(=^・ω・^=)	0	0	0	0	0	0	0		0.0	13	0	11	0	0	0	2	LP	0.8462	0	0	0	0	0	0	0		0.0	6	0	2	1	0	1	2	LP	0.3333	0	0	0	0	0	0	0		0.0	0	0	0	0	0	0	0		0.0	qwen,gpt_oss_20b	2								0.1901								
(=ↀωↀ=)	0	0	0	0	0	0	0		0.0	1	0	1	0	0	0	0	LP	1.0	0	0	0	0	0	0	0		0.0	0	0	0	0	0	0	0		0.0	0	0	0	0	0	0	0		0.0	0	0	0	0	0	0	0		0.0	qwen	1																
(>^_^)	0	0	0	0	0	0	0		0.0	0	0	0	0	0	0	0		0.0	0	0	0	0	0	0	0		0.0	0	0	0	0	0	0	0		0.0	1	0	1	0	0	0	0	LP	1.0	0	0	0	0	0	0	0		0.0	granite	1																
(>_<)	0	0	0	0	0	0	0		0.0	37	0	2	3	29	2	1	HN-S	0.7838	0	0	0	0	0	0	0		0.0	6	0	0	5	1	0	0	HN-D	0.8333	1	0	0	0	1	0	0	HN-S	1.0	0	0	0	0	0	0	0		0.0	qwen,gpt_oss_20b,granite	3								0.3356	0.0815					0.4539		
(>_<;)	0	0	0	0	0	0	0		0.0	13	0	0	0	13	0	0	HN-S	1.0	0	0	0	0	0	0	0		0.0	0	0	0	0	0	0	0		0.0	0	0	0	0	0	0	0		0.0	0	0	0	0	0	0	0		0.0	qwen	1																
(>ω<*	0	0	0	0	0	0	0		0.0	1	1	0	0	0	0	0	HP	1.0	0	0	0	0	0	0	0		0.0	0	0	0	0	0	0	0		0.0	0	0	0	0	0	0	0		0.0	0	0	0	0	0	0	0		0.0	qwen	1																
(>‿◠)	0	0	0	0	0	0	0		0.0	0	0	0	0	0	0	0		0.0	0	0	0	0	0	0	0		0.0	3	0	0	0	2	1	0	HN-S	0.6667	0	0	0	0	0	0	0		0.0	0	0	0	0	0	0	0		0.0	gpt_oss_20b	1																
(>‿◼︵◼<)	0	0	0	0	0	0	0		0.0	0	0	0	0	0	0	0		0.0	0	0	0	0	0	0	0		0.0	0	0	0	0	0	0	0		0.0	1	0	1	0	0	0	0	LP	1.0	0	0	0	0	0	0	0		0.0	granite	1																
(>∀<☆)	0	0	0	0	0	0	0		0.0	0	0	0	0	0	0	0		0.0	0	0	0	0	0	0	0		0.0	0	0	0	0	0	0	0		0.0	0	0	0	0	0	0	0		0.0	1	1	0	0	0	0	0	HP	1.0	claude	1																
(>﹏<)	0	0	0	0	0	0	0		0.0	17	0	0	4	13	0	0	HN-S	0.7647	0	0	0	0	0	0	0		0.0	0	0	0	0	0	0	0		0.0	7	0	0	0	0	7	0	LN	1.0	1	1	0	0	0	0	0	HP	1.0	qwen,granite,claude	3									0.6931	0.6931						0.6931
(>﹏<｡)	0	0	0	0	0	0	0		0.0	7	0	0	0	7	0	0	HN-S	1.0	0	0	0	0	0	0	0		0.0	0	0	0	0	0	0	0		0.0	0	0	0	0	0	0	0		0.0	0	0	0	0	0	0	0		0.0	qwen	1																
(O_O)	0	0	0	0	0	0	0		0.0	0	0	0	0	0	0	0		0.0	0	0	0	0	0	0	0		0.0	0	0	0	0	0	0	0		0.0	1	0	0	0	1	0	0	HN-S	1.0	0	0	0	0	0	0	0		0.0	granite	1																
(OwO)	0	0	0	0	0	0	0		0.0	1	1	0	0	0	0	0	HP	1.0	0	0	0	0	0	0	0		0.0	0	0	0	0	0	0	0		0.0	0	0	0	0	0	0	0		0.0	0	0	0	0	0	0	0		0.0	qwen	1																
(T-T)	0	0	0	0	0	0	0		0.0	0	0	0	0	0	0	0		0.0	0	0	0	0	0	0	0		0.0	0	0	0	0	0	0	0		0.0	8	0	0	0	1	7	0	LN	0.875	0	0	0	0	0	0	0		0.0	granite	1																
(T^T)	0	0	0	0	0	0	0		0.0	1	1	0	0	0	0	0	HP	1.0	0	0	0	0	0	0	0		0.0	0	0	0	0	0	0	0		0.0	0	0	0	0	0	0	0		0.0	0	0	0	0	0	0	0		0.0	qwen	1																
(T_T)	0	0	0	0	0	0	0		0.0	20	0	0	2	2	16	0	LN	0.8	0	0	0	0	0	0	0		0.0	0	0	0	0	0	0	0		0.0	2	0	0	0	0	2	0	LN	1.0	0	0	0	0	0	0	0		0.0	qwen,granite	2									0.0749							
(T▽T)	2	2	0	0	0	0	0	HP	1.0	0	0	0	0	0	0	0		0.0	0	0	0	0	0	0	0		0.0	0	0	0	0	0	0	0		0.0	0	0	0	0	0	0	0		0.0	0	0	0	0	0	0	0		0.0	gemma	1																
(^-^)	0	0	0	0	0	0	0		0.0	1	0	0	0	0	0	1	NB	1.0	0	0	0	0	0	0	0		0.0	18	0	4	1	0	2	11	NB	0.6111	18	0	13	0	0	2	3	LP	0.7222	0	0	0	0	0	0	0		0.0	qwen,gpt_oss_20b,granite	3								0.1585	0.4539					0.1564		
(^.^)	0	0	0	0	0	0	0		0.0	1	0	0	0	0	0	1	NB	1.0	0	0	0	0	0	0	0		0.0	0	0	0	0	0	0	0		0.0	1	0	1	0	0	0	0	LP	1.0	0	0	0	0	0	0	0		0.0	qwen,granite	2									0.6931							
(^^)	0	0	0	0	0	0	0		0.0	0	0	0	0	0	0	0		0.0	0	0	0	0	0	0	0		0.0	0	0	0	0	0	0	0		0.0	2	0	2	0	0	0	0	LP	1.0	0	0	0	0	0	0	0		0.0	granite	1																
(^_^)	0	0	0	0	0	0	0		0.0	3	0	0	0	0	0	3	NB	1.0	0	0	0	0	0	0	0		0.0	16	3	4	0	0	0	9	NB	0.5625	25	4	4	0	0	0	17	NB	0.68	0	0	0	0	0	0	0		0.0	qwen,gpt_oss_20b,granite	3								0.1827	0.1262					0.0083		
(^_^;)	0	0	0	0	0	0	0		0.0	2	0	0	0	0	0	2	NB	1.0	0	0	0	0	0	0	0		0.0	0	0	0	0	0	0	0		0.0	0	0	0	0	0	0	0		0.0	0	0	0	0	0	0	0		0.0	qwen	1																
(^_~)	0	0	0	0	0	0	0		0.0	1	1	0	0	0	0	0	HP	1.0	0	0	0	0	0	0	0		0.0	0	0	0	0	0	0	0		0.0	0	0	0	0	0	0	0		0.0	0	0	0	0	0	0	0		0.0	qwen	1																
(^_−)	0	0	0	0	0	0	0		0.0	3	0	1	0	0	0	2	NB	0.6667	0	0	0	0	0	0	0		0.0	0	0	0	0	0	0	0		0.0	0	0	0	0	0	0	0		0.0	0	0	0	0	0	0	0		0.0	qwen	1																
(^o^)	0	0	0	0	0	0	0		0.0	1	1	0	0	0	0	0	HP	1.0	0	0	0	0	0	0	0		0.0	0	0	0	0	0	0	0		0.0	5	3	1	0	0	0	1	HP	0.6	0	0	0	0	0	0	0		0.0	qwen,granite	2									0.1639							
(^‿^)	0	0	0	0	0	0	0		0.0	1	0	1	0	0	0	0	LP	1.0	0	0	0	0	0	0	0		0.0	2	1	1	0	0	0	0	HP	0.5	10	0	8	0	0	0	2	LP	0.8	0	0	0	0	0	0	0		0.0	qwen,gpt_oss_20b,granite	3								0.2158	0.0749					0.2601		
(^▽^)	0	0	0	0	0	0	0		0.0	0	0	0	0	0	0	0		0.0	0	0	0	0	0	0	0		0.0	12	4	2	0	0	0	6	NB	0.5	3	0	0	0	0	0	3	NB	1.0	0	0	0	0	0	0	0		0.0	gpt_oss_20b,granite	2														0.2158		
(^・ω・^)	0	0	0	0	0	0	0		0.0	2	0	2	0	0	0	0	LP	1.0	0	0	0	0	0	0	0		0.0	0	0	0	0	0	0	0		0.0	0	0	0	0	0	0	0		0.0	0	0	0	0	0	0	0		0.0	qwen	1																
(__)	0	0	0	0	0	0	0		0.0	1	0	0	0	0	1	0	LN	1.0	0	0	0	0	0	0	0		0.0	0	0	0	0	0	0	0		0.0	0	0	0	0	0	0	0		0.0	0	0	0	0	0	0	0		0.0	qwen	1																
(`⇧´)	0	0	0	0	0	0	0		0.0	0	0	0	0	0	0	0		0.0	0	0	0	0	0	0	0		0.0	0	0	0	0	0	0	0		0.0	2	2	0	0	0	0	0	HP	1.0	0	0	0	0	0	0	0		0.0	granite	1																
(`⌒´)	0	0	0	0	0	0	0		0.0	0	0	0	0	0	0	0		0.0	0	0	0	0	0	0	0		0.0	0	0	0	0	0	0	0		0.0	7	7	0	0	0	0	0	HP	1.0	0	0	0	0	0	0	0		0.0	granite	1																
(`⌒´メ)	0	0	0	0	0	0	0		0.0	0	0	0	0	0	0	0		0.0	0	0	0	0	0	0	0		0.0	0	0	0	0	0	0	0		0.0	5	5	0	0	0	0	0	HP	1.0	0	0	0	0	0	0	0		0.0	granite	1																
(`◇´)	0	0	0	0	0	0	0		0.0	0	0	0	0	0	0	0		0.0	0	0	0	0	0	0	0		0.0	0	0	0	0	0	0	0		0.0	1	0	0	0	0	0	1	NB	1.0	0	0	0	0	0	0	0		0.0	granite	1																
(`・ω・´)	0	0	0	0	0	0	0		0.0	0	0	0	0	0	0	0		0.0	0	0	0	0	0	0	0		0.0	0	0	0	0	0	0	0		0.0	1	0	0	0	0	1	0	LN	1.0	0	0	0	0	0	0	0		0.0	granite	1																
(o>ω<o)	0	0	0	0	0	0	0		0.0	1	1	0	0	0	0	0	HP	1.0	0	0	0	0	0	0	0		0.0	0	0	0	0	0	0	0		0.0	0	0	0	0	0	0	0		0.0	0	0	0	0	0	0	0		0.0	qwen	1																
(o^^o)	0	0	0	0	0	0	0		0.0	1	1	0	0	0	0	0	HP	1.0	0	0	0	0	0	0	0		0.0	0	0	0	0	0	0	0		0.0	11	0	3	0	0	0	8	NB	0.7273	0	0	0	0	0	0	0		0.0	qwen,granite	2									0.6931							
(o^_^o)	0	0	0	0	0	0	0		0.0	0	0	0	0	0	0	0		0.0	0	0	0	0	0	0	0		0.0	0	0	0	0	0	0	0		0.0	6	0	1	0	0	0	5	NB	0.8333	0	0	0	0	0	0	0		0.0	granite	1																
(o^▽^o)	1	0	0	0	0	0	1	NB	1.0	1	1	0	0	0	0	0	HP	1.0	0	0	0	0	0	0	0		0.0	0	0	0	0	0	0	0		0.0	0	0	0	0	0	0	0		0.0	0	0	0	0	0	0	0		0.0	gemma,qwen	2		0.6931														
(o_o)	0	0	0	0	0	0	0		0.0	0	0	0	0	0	0	0		0.0	0	0	0	0	0	0	0		0.0	0	0	0	0	0	0	0		0.0	24	0	0	0	0	4	20	NB	0.8333	0	0	0	0	0	0	0		0.0	granite	1																
(o°ω°o)	0	0	0	0	0	0	0		0.0	1	1	0	0	0	0	0	HP	1.0	0	0	0	0	0	0	0		0.0	0	0	0	0	0	0	0		0.0	0	0	0	0	0	0	0		0.0	0	0	0	0	0	0	0		0.0	qwen	1																
(~^▽^)~	0	0	0	0	0	0	0		0.0	0	0	0	0	0	0	0		0.0	0	0	0	0	0	0	0		0.0	0	0	0	0	0	0	0		0.0	1	0	1	0	0	0	0	LP	1.0	0	0	0	0	0	0	0		0.0	granite	1																
( *▽)	0	0	0	0	0	0	0		0.0	1	0	1	0	0	0	0	LP	1.0	0	0	0	0	0	0	0		0.0	0	0	0	0	0	0	0		0.0	0	0	0	0	0	0	0		0.0	0	0	0	0	0	0	0		0.0	qwen	1																
(¬_¬)	0	0	0	0	0	0	0		0.0	14	0	0	10	0	1	3	HN-D	0.7143	0	0	0	0	0	0	0		0.0	0	0	0	0	0	0	0		0.0	0	0	0	0	0	0	0		0.0	0	0	0	0	0	0	0		0.0	qwen	1																
(¬‿¬)	0	0	0	0	0	0	0		0.0	10	0	0	0	0	2	8	NB	0.8	0	0	0	0	0	0	0		0.0	3	0	0	1	1	1	0	HN-D	0.3333	0	0	0	0	0	0	0		0.0	2	0	0	0	0	0	2	NB	1.0	qwen,gpt_oss_20b,claude	3								0.5167		0.0749					0.6931	
(¯`·._.·(¯)	0	0	0	0	0	0	0		0.0	0	0	0	0	0	0	0		0.0	1	0	1	0	0	0	0	LP	1.0	0	0	0	0	0	0	0		0.0	0	0	0	0	0	0	0		0.0	0	0	0	0	0	0	0		0.0	ministral	1																
(¯`·._.·(¯)___)	0	0	0	0	0	0	0		0.0	0	0	0	0	0	0	0		0.0	1	0	0	0	0	0	1	NB	1.0	0	0	0	0	0	0	0		0.0	0	0	0	0	0	0	0		0.0	0	0	0	0	0	0	0		0.0	ministral	1																
(¯`・.¸)	0	0	0	0	0	0	0		0.0	0	0	0	0	0	0	0		0.0	1	1	0	0	0	0	0	HP	1.0	0	0	0	0	0	0	0		0.0	0	0	0	0	0	0	0		0.0	0	0	0	0	0	0	0		0.0	ministral	1																
(¯`・.｡)	0	0	0	0	0	0	0		0.0	0	0	0	0	0	0	0		0.0	1	1	0	0	0	0	0	HP	1.0	0	0	0	0	0	0	0		0.0	0	0	0	0	0	0	0		0.0	0	0	0	0	0	0	0		0.0	ministral	1																
(¯▽¯)	0	0	0	0	0	0	0		0.0	0	0	0	0	0	0	0		0.0	1	1	0	0	0	0	0	HP	1.0	0	0	0	0	0	0	0		0.0	0	0	0	0	0	0	0		0.0	0	0	0	0	0	0	0		0.0	ministral	1																
(¯︎_¯︎)	0	0	0	0	0	0	0		0.0	0	0	0	0	0	0	0		0.0	1	0	0	0	1	0	0	HN-S	1.0	0	0	0	0	0	0	0		0.0	0	0	0	0	0	0	0		0.0	0	0	0	0	0	0	0		0.0	ministral	1																
(¯︵¯)	0	0	0	0	0	0	0		0.0	0	0	0	0	0	0	0		0.0	1	0	0	0	0	1	0	LN	1.0	0	0	0	0	0	0	0		0.0	0	0	0	0	0	0	0		0.0	0	0	0	0	0	0	0		0.0	ministral	1																
(¯︿¯)	0	0	0	0	0	0	0		0.0	0	0	0	0	0	0	0		0.0	3	0	0	0	0	3	0	LN	1.0	0	0	0	0	0	0	0		0.0	0	0	0	0	0	0	0		0.0	0	0	0	0	0	0	0		0.0	ministral	1																
(¯﹏¯)	0	0	0	0	0	0	0		0.0	0	0	0	0	0	0	0		0.0	1	0	0	1	0	0	0	HN-D	1.0	0	0	0	0	0	0	0		0.0	0	0	0	0	0	0	0		0.0	0	0	0	0	0	0	0		0.0	ministral	1																
(°_°;)	0	0	0	0	0	0	0		0.0	1	0	0	0	1	0	0	HN-S	1.0	0	0	0	0	0	0	0		0.0	0	0	0	0	0	0	0		0.0	0	0	0	0	0	0	0		0.0	0	0	0	0	0	0	0		0.0	qwen	1																
(°д°)	3	0	0	1	2	0	0	HN-S	0.6667	0	0	0	0	0	0	0		0.0	0	0	0	0	0	0	0		0.0	0	0	0	0	0	0	0		0.0	0	0	0	0	0	0	0		0.0	0	0	0	0	0	0	0		0.0	gemma	1																
(°д°;)	1	0	0	0	1	0	0	HN-S	1.0	0	0	0	0	0	0	0		0.0	0	0	0	0	0	0	0		0.0	0	0	0	0	0	0	0		0.0	0	0	0	0	0	0	0		0.0	0	0	0	0	0	0	0		0.0	gemma	1																
(°□°;)	0	0	0	0	0	0	0		0.0	0	0	0	0	0	0	0		0.0	0	0	0	0	0	0	0		0.0	0	0	0	0	0	0	0		0.0	0	0	0	0	0	0	0		0.0	2	0	0	0	2	0	0	HN-S	1.0	claude	1																
(°◇°)	0	0	0	0	0	0	0		0.0	0	0	0	0	0	0	0		0.0	0	0	0	0	0	0	0		0.0	0	0	0	0	0	0	0		0.0	7	0	3	0	0	0	4	NB	0.5714	0	0	0	0	0	0	0		0.0	granite	1																
(°〇°)	0	0	0	0	0	0	0		0.0	0	0	0	0	0	0	0		0.0	0	0	0	0	0	0	0		0.0	0	0	0	0	0	0	0		0.0	0	0	0	0	0	0	0		0.0	4	4	0	0	0	0	0	HP	1.0	claude	1																
(°ロ°)	0	0	0	0	0	0	0		0.0	3	0	0	0	3	0	0	HN-S	1.0	0	0	0	0	0	0	0		0.0	0	0	0	0	0	0	0		0.0	0	0	0	0	0	0	0		0.0	0	0	0	0	0	0	0		0.0	qwen	1																
(°ー°ll)	0	0	0	0	0	0	0		0.0	0	0	0	0	0	0	0		0.0	0	0	0	0	0	0	0		0.0	0	0	0	0	0	0	0		0.0	1	0	0	0	0	1	0	LN	1.0	0	0	0	0	0	0	0		0.0	granite	1																
(°ー°|||)	0	0	0	0	0	0	0		0.0	0	0	0	0	0	0	0		0.0	0	0	0	0	0	0	0		0.0	0	0	0	0	0	0	0		0.0	1	0	0	0	0	1	0	LN	1.0	0	0	0	0	0	0	0		0.0	granite	1																
(°ー°〃)	0	0	0	0	0	0	0		0.0	0	0	0	0	0	0	0		0.0	0	0	0	0	0	0	0		0.0	0	0	0	0	0	0	0		0.0	4	0	1	0	0	2	1	LN	0.5	0	0	0	0	0	0	0		0.0	granite	1																
(´-`)	0	0	0	0	0	0	0		0.0	0	0	0	0	0	0	0		0.0	0	0	0	0	0	0	0		0.0	0	0	0	0	0	0	0		0.0	0	0	0	0	0	0	0		0.0	6	0	0	0	0	6	0	LN	1.0	claude	1																
(´-ω-`)	0	0	0	0	0	0	0		0.0	0	0	0	0	0	0	0		0.0	0	0	0	0	0	0	0		0.0	2	1	0	0	0	1	0	HP	0.5	0	0	0	0	0	0	0		0.0	1	0	0	0	0	1	0	LN	1.0	gpt_oss_20b,claude	2															0.2158	
(´-﹏-`;)	0	0	0	0	0	0	0		0.0	0	0	0	0	0	0	0		0.0	0	0	0	0	0	0	0		0.0	0	0	0	0	0	0	0		0.0	0	0	0	0	0	0	0		0.0	1	0	0	0	0	1	0	LN	1.0	claude	1																
(´;ω;`)	0	0	0	0	0	0	0		0.0	5	0	0	0	1	4	0	LN	0.8	4	0	0	2	2	0	0	HN-D	0.5	1	0	0	0	1	0	0	HN-S	1.0	0	0	0	0	0	0	0		0.0	3	0	0	0	1	2	0	LN	0.6667	qwen,ministral,gpt_oss_20b,claude	4							0.4838	0.4228		0.0115	0.2158		0.4127		0.3183	
(´`;ω;´)	0	0	0	0	0	0	0		0.0	0	0	0	0	0	0	0		0.0	1	0	0	1	0	0	0	HN-D	1.0	0	0	0	0	0	0	0		0.0	0	0	0	0	0	0	0		0.0	0	0	0	0	0	0	0		0.0	ministral	1																
(´°̥̥̥̥̥̥	0	0	0	0	0	0	0		0.0	0	0	0	0	0	0	0		0.0	0	0	0	0	0	0	0		0.0	0	0	0	0	0	0	0		0.0	0	0	0	0	0	0	0		0.0	1	0	0	1	0	0	0	HN-D	1.0	claude	1																
(´˘`)	0	0	0	0	0	0	0		0.0	0	0	0	0	0	0	0		0.0	0	0	0	0	0	0	0		0.0	0	0	0	0	0	0	0		0.0	0	0	0	0	0	0	0		0.0	1	0	1	0	0	0	0	LP	1.0	claude	1																
(´ω`)	12	0	3	0	2	7	0	LN	0.5833	0	0	0	0	0	0	0		0.0	0	0	0	0	0	0	0		0.0	36	4	2	9	9	10	2	LN	0.2778	0	0	0	0	0	0	0		0.0	0	0	0	0	0	0	0		0.0	gemma,gpt_oss_20b	2				0.2098												
(´д`)	0	0	0	0	0	0	0		0.0	0	0	0	0	0	0	0		0.0	0	0	0	0	0	0	0		0.0	1	0	0	0	1	0	0	HN-S	1.0	0	0	0	0	0	0	0		0.0	0	0	0	0	0	0	0		0.0	gpt_oss_20b	1																
(´ུ`っ)	0	0	0	0	0	0	0		0.0	0	0	0	0	0	0	0		0.0	0	0	0	0	0	0	0		0.0	1	0	0	0	1	0	0	HN-S	1.0	0	0	0	0	0	0	0		0.0	0	0	0	0	0	0	0		0.0	gpt_oss_20b	1																
(´∀`)	2	0	2	0	0	0	0	LP	1.0	0	0	0	0	0	0	0		0.0	0	0	0	0	0	0	0		0.0	2	1	1	0	0	0	0	HP	0.5	0	0	0	0	0	0	0		0.0	1	0	1	0	0	0	0	LP	1.0	gemma,gpt_oss_20b,claude	3				0.2158		0.0									0.2158	
(´∇`)	0	0	0	0	0	0	0		0.0	0	0	0	0	0	0	0		0.0	0	0	0	0	0	0	0		0.0	3	1	0	0	0	1	1	HP	0.3333	2	1	0	0	0	0	1	HP	0.5	0	0	0	0	0	0	0		0.0	gpt_oss_20b,granite	2														0.1323		
(´□`)	0	0	0	0	0	0	0		0.0	0	0	0	0	0	0	0		0.0	0	0	0	0	0	0	0		0.0	2	0	0	1	0	1	0	HN-D	0.5	0	0	0	0	0	0	0		0.0	0	0	0	0	0	0	0		0.0	gpt_oss_20b	1																
(´▽`)	12	0	10	0	0	0	2	LP	0.8333	1	0	0	0	0	0	1	NB	1.0	0	0	0	0	0	0	0		0.0	5	2	0	0	1	2	0	HP	0.4	1	0	0	0	0	0	1	NB	1.0	1	0	0	0	0	0	1	NB	1.0	gemma,qwen,gpt_oss_20b,granite,claude	5		0.4539		0.6931	0.4539	0.4539		0.6931	0.0	0.0				0.6931	0.6931	0.0
(´▽`;)	0	0	0	0	0	0	0		0.0	0	0	0	0	0	0	0		0.0	0	0	0	0	0	0	0		0.0	1	0	0	0	1	0	0	HN-S	1.0	0	0	0	0	0	0	0		0.0	0	0	0	0	0	0	0		0.0	gpt_oss_20b	1																
(´▽`ʃ♡ƪ)	0	0	0	0	0	0	0		0.0	7	0	6	0	0	0	1	LP	0.8571	0	0	0	0	0	0	0		0.0	0	0	0	0	0	0	0		0.0	0	0	0	0	0	0	0		0.0	0	0	0	0	0	0	0		0.0	qwen	1																
(´▿`;)	0	0	0	0	0	0	0		0.0	0	0	0	0	0	0	0		0.0	0	0	0	0	0	0	0		0.0	1	0	0	1	0	0	0	HN-D	1.0	0	0	0	0	0	0	0		0.0	0	0	0	0	0	0	0		0.0	gpt_oss_20b	1																
(´◕‸◕`;)	0	0	0	0	0	0	0		0.0	0	0	0	0	0	0	0		0.0	0	0	0	0	0	0	0		0.0	1	0	0	0	1	0	0	HN-S	1.0	0	0	0	0	0	0	0		0.0	0	0	0	0	0	0	0		0.0	gpt_oss_20b	1																
(´◕‿◕`;)	0	0	0	0	0	0	0		0.0	0	0	0	0	0	0	0		0.0	0	0	0	0	0	0	0		0.0	1	0	0	1	0	0	0	HN-D	1.0	0	0	0	0	0	0	0		0.0	0	0	0	0	0	0	0		0.0	gpt_oss_20b	1																
(´・_・`)	0	0	0	0	0	0	0		0.0	1	0	0	0	0	0	1	NB	1.0	6	0	0	0	1	4	1	LN	0.6667	0	0	0	0	0	0	0		0.0	1	0	0	0	1	0	0	HN-S	1.0	5	0	0	0	2	3	0	LN	0.6	qwen,ministral,granite,claude	4							0.4539		0.6931	0.6931		0.4539	0.0834			0.2744
(´・̥̥̥ω・̥̥�	0	0	0	0	0	0	0		0.0	1	0	0	0	0	1	0	LN	1.0	0	0	0	0	0	0	0		0.0	0	0	0	0	0	0	0		0.0	0	0	0	0	0	0	0		0.0	0	0	0	0	0	0	0		0.0	qwen	1																
(´・̥ω・̥`)	0	0	0	0	0	0	0		0.0	0	0	0	0	0	0	0		0.0	0	0	0	0	0	0	0		0.0	0	0	0	0	0	0	0		0.0	0	0	0	0	0	0	0		0.0	1	0	0	0	0	1	0	LN	1.0	claude	1																
(´・ω・`)	0	0	0	0	0	0	0		0.0	50	0	18	0	6	7	19	NB	0.38	6	0	1	1	0	3	1	LN	0.5	1	0	0	0	0	0	1	NB	1.0	11	0	0	0	3	8	0	LN	0.7273	0	0	0	0	0	0	0		0.0	qwen,ministral,gpt_oss_20b,granite	4							0.1926	0.2871	0.3806		0.4539	0.2784		0.6931		
(´・‿・`)	0	0	0	0	0	0	0		0.0	0	0	0	0	0	0	0		0.0	0	0	0	0	0	0	0		0.0	1	0	1	0	0	0	0	LP	1.0	0	0	0	0	0	0	0		0.0	0	0	0	0	0	0	0		0.0	gpt_oss_20b	1																
(´・・)	0	0	0	0	0	0	0		0.0	0	0	0	0	0	0	0		0.0	1	0	0	0	0	1	0	LN	1.0	0	0	0	0	0	0	0		0.0	0	0	0	0	0	0	0		0.0	0	0	0	0	0	0	0		0.0	ministral	1																
(´艸`)	0	0	0	0	0	0	0		0.0	0	0	0	0	0	0	0		0.0	0	0	0	0	0	0	0		0.0	24	0	2	8	5	9	0	LN	0.375	0	0	0	0	0	0	0		0.0	0	0	0	0	0	0	0		0.0	gpt_oss_20b	1																
(´︶`)	0	0	0	0	0	0	0		0.0	0	0	0	0	0	0	0		0.0	0	0	0	0	0	0	0		0.0	1	0	0	0	0	1	0	LN	1.0	0	0	0	0	0	0	0		0.0	0	0	0	0	0	0	0		0.0	gpt_oss_20b	1																
(´｡・ω・｡`)	0	0	0	0	0	0	0		0.0	0	0	0	0	0	0	0		0.0	0	0	0	0	0	0	0		0.0	0	0	0	0	0	0	0		0.0	0	0	0	0	0	0	0		0.0	1	0	0	0	0	1	0	LN	1.0	claude	1																
(´｡・‿・｡`)	0	0	0	0	0	0	0		0.0	7	0	6	0	0	0	1	LP	0.8571	0	0	0	0	0	0	0		0.0	0	0	0	0	0	0	0		0.0	0	0	0	0	0	0	0		0.0	5	0	2	0	0	3	0	LN	0.6	qwen,claude	2										0.3						
(´｡・ﻌ・｡`)	0	0	0	0	0	0	0		0.0	1	0	0	0	0	1	0	LN	1.0	0	0	0	0	0	0	0		0.0	0	0	0	0	0	0	0		0.0	0	0	0	0	0	0	0		0.0	0	0	0	0	0	0	0		0.0	qwen	1																
(ò_ó)	1	0	0	0	1	0	0	HN-S	1.0	0	0	0	0	0	0	0		0.0	0	0	0	0	0	0	0		0.0	0	0	0	0	0	0	0		0.0	0	0	0	0	0	0	0		0.0	0	0	0	0	0	0	0		0.0	gemma	1																
(˃˂)	0	0	0	0	0	0	0		0.0	1	0	0	0	0	0	1	NB	1.0	0	0	0	0	0	0	0		0.0	0	0	0	0	0	0	0		0.0	0	0	0	0	0	0	0		0.0	0	0	0	0	0	0	0		0.0	qwen	1																
(˃᷄⁺˂	0	0	0	0	0	0	0		0.0	0	0	0	0	0	0	0		0.0	0	0	0	0	0	0	0		0.0	0	0	0	0	0	0	0		0.0	1	1	0	0	0	0	0	HP	1.0	0	0	0	0	0	0	0		0.0	granite	1																
(˃⌑˂)	0	0	0	0	0	0	0		0.0	5	0	0	2	0	3	0	LN	0.6	0	0	0	0	0	0	0		0.0	0	0	0	0	0	0	0		0.0	0	0	0	0	0	0	0		0.0	0	0	0	0	0	0	0		0.0	qwen	1																
(˃⌑˂ഈ)	0	0	0	0	0	0	0		0.0	1	0	0	1	0	0	0	HN-D	1.0	0	0	0	0	0	0	0		0.0	0	0	0	0	0	0	0		0.0	0	0	0	0	0	0	0		0.0	0	0	0	0	0	0	0		0.0	qwen	1																
(ˆᴥˆ)	0	0	0	0	0	0	0		0.0	0	0	0	0	0	0	0		0.0	0	0	0	0	0	0	0		0.0	1	0	0	0	0	0	1	NB	1.0	0	0	0	0	0	0	0		0.0	0	0	0	0	0	0	0		0.0	gpt_oss_20b	1																
(ˆ‿ˆ)	0	0	0	0	0	0	0		0.0	0	0	0	0	0	0	0		0.0	0	0	0	0	0	0	0		0.0	1	0	0	0	0	1	0	LN	1.0	0	0	0	0	0	0	0		0.0	0	0	0	0	0	0	0		0.0	gpt_oss_20b	1																
(ˆ‿ˆс)	0	0	0	0	0	0	0		0.0	0	0	0	0	0	0	0		0.0	0	0	0	0	0	0	0		0.0	0	0	0	0	0	0	0		0.0	1	1	0	0	0	0	0	HP	1.0	0	0	0	0	0	0	0		0.0	granite	1																
(ˆ‿ˆԅ)	0	0	0	0	0	0	0		0.0	0	0	0	0	0	0	0		0.0	0	0	0	0	0	0	0		0.0	0	0	0	0	0	0	0		0.0	3	3	0	0	0	0	0	HP	1.0	0	0	0	0	0	0	0		0.0	granite	1																
(ˆ⌒ˆ)	0	0	0	0	0	0	0		0.0	0	0	0	0	0	0	0		0.0	0	0	0	0	0	0	0		0.0	1	0	0	0	0	0	1	NB	1.0	0	0	0	0	0	0	0		0.0	0	0	0	0	0	0	0		0.0	gpt_oss_20b	1																
(˘³˘)	1	0	1	0	0	0	0	LP	1.0	27	0	16	0	1	1	9	LP	0.5926	0	0	0	0	0	0	0		0.0	29	0	8	5	2	12	2	LN	0.4138	0	0	0	0	0	0	0		0.0	0	0	0	0	0	0	0		0.0	gemma,qwen,gpt_oss_20b	3		0.1675		0.3601				0.2313								
(˘̩╭╭˘̩)	0	0	0	0	0	0	0		0.0	0	0	0	0	0	0	0		0.0	0	0	0	0	0	0	0		0.0	1	0	0	0	0	1	0	LN	1.0	0	0	0	0	0	0	0		0.0	0	0	0	0	0	0	0		0.0	gpt_oss_20b	1																
(˘̩╭╮˘̩)	11	0	0	0	2	9	0	LN	0.8182	0	0	0	0	0	0	0		0.0	0	0	0	0	0	0	0		0.0	1	1	0	0	0	0	0	HP	1.0	0	0	0	0	0	0	0		0.0	0	0	0	0	0	0	0		0.0	gemma,gpt_oss_20b	2				0.6931												
(˘̩╭╯˘̩)	0	0	0	0	0	0	0		0.0	0	0	0	0	0	0	0		0.0	0	0	0	0	0	0	0		0.0	2	0	0	0	2	0	0	HN-S	1.0	0	0	0	0	0	0	0		0.0	0	0	0	0	0	0	0		0.0	gpt_oss_20b	1																
(˘ω˘)	12	0	12	0	0	0	0	LP	1.0	2	0	1	0	0	0	1	LP	0.5	0	0	0	0	0	0	0		0.0	0	0	0	0	0	0	0		0.0	0	0	0	0	0	0	0		0.0	0	0	0	0	0	0	0		0.0	gemma,qwen	2		0.2158														
(˘ڡ˘)	10	0	9	0	0	0	1	LP	0.9	0	0	0	0	0	0	0		0.0	0	0	0	0	0	0	0		0.0	0	0	0	0	0	0	0		0.0	0	0	0	0	0	0	0		0.0	0	0	0	0	0	0	0		0.0	gemma	1																
(˘‿˘)	2	0	2	0	0	0	0	LP	1.0	0	0	0	0	0	0	0		0.0	0	0	0	0	0	0	0		0.0	0	0	0	0	0	0	0		0.0	0	0	0	0	0	0	0		0.0	0	0	0	0	0	0	0		0.0	gemma	1																
(˘▽˘)	10	5	4	0	0	0	1	HP	0.5	0	0	0	0	0	0	0		0.0	0	0	0	0	0	0	0		0.0	0	0	0	0	0	0	0		0.0	0	0	0	0	0	0	0		0.0	0	0	0	0	0	0	0		0.0	gemma	1																
(˘・_・˘)	0	0	0	0	0	0	0		0.0	0	0	0	0	0	0	0		0.0	0	0	0	0	0	0	0		0.0	1	0	1	0	0	0	0	LP	1.0	0	0	0	0	0	0	0		0.0	0	0	0	0	0	0	0		0.0	gpt_oss_20b	1																
(˘・ω・˘)	0	0	0	0	0	0	0		0.0	0	0	0	0	0	0	0		0.0	0	0	0	0	0	0	0		0.0	1	0	0	0	0	1	0	LN	1.0	0	0	0	0	0	0	0		0.0	0	0	0	0	0	0	0		0.0	gpt_oss_20b	1																
(˘︶˘)	0	0	0	0	0	0	0		0.0	0	0	0	0	0	0	0		0.0	0	0	0	0	0	0	0		0.0	1	0	1	0	0	0	0	LP	1.0	0	0	0	0	0	0	0		0.0	0	0	0	0	0	0	0		0.0	gpt_oss_20b	1																
(˙▂˙)	0	0	0	0	0	0	0		0.0	0	0	0	0	0	0	0		0.0	0	0	0	0	0	0	0		0.0	1	0	1	0	0	0	0	LP	1.0	0	0	0	0	0	0	0		0.0	0	0	0	0	0	0	0		0.0	gpt_oss_20b	1																
(˙꒳˙)	8	0	0	0	0	0	8	NB	1.0	0	0	0	0	0	0	0		0.0	0	0	0	0	0	0	0		0.0	0	0	0	0	0	0	0		0.0	0	0	0	0	0	0	0		0.0	0	0	0	0	0	0	0		0.0	gemma	1																
(˜︵˜;)	0	0	0	0	0	0	0		0.0	0	0	0	0	0	0	0		0.0	1	0	0	0	0	1	0	LN	1.0	0	0	0	0	0	0	0		0.0	0	0	0	0	0	0	0		0.0	0	0	0	0	0	0	0		0.0	ministral	1																
(˶ˆ‿ˆ˵)	0	0	0	0	0	0	0		0.0	1	0	1	0	0	0	0	LP	1.0	0	0	0	0	0	0	0		0.0	0	0	0	0	0	0	0		0.0	0	0	0	0	0	0	0		0.0	0	0	0	0	0	0	0		0.0	qwen	1																
(˶ˆ꒳ˆ˵)	0	0	0	0	0	0	0		0.0	0	0	0	0	0	0	0		0.0	0	0	0	0	0	0	0		0.0	1	0	1	0	0	0	0	LP	1.0	0	0	0	0	0	0	0		0.0	0	0	0	0	0	0	0		0.0	gpt_oss_20b	1																
(˶‾᷄⁻̫‾�	0	0	0	0	0	0	0		0.0	0	0	0	0	0	0	0		0.0	0	0	0	0	0	0	0		0.0	0	0	0	0	0	0	0		0.0	2	0	1	0	0	0	1	LP	0.5	0	0	0	0	0	0	0		0.0	granite	1																
(˶‾᷄ꇴ‾᷅	0	0	0	0	0	0	0		0.0	0	0	0	0	0	0	0		0.0	0	0	0	0	0	0	0		0.0	0	0	0	0	0	0	0		0.0	2	0	1	0	0	0	1	LP	0.5	0	0	0	0	0	0	0		0.0	granite	1																
(˶・̀ω・́˵)	0	0	0	0	0	0	0		0.0	0	0	0	0	0	0	0		0.0	0	0	0	0	0	0	0		0.0	1	0	0	0	0	0	1	NB	1.0	0	0	0	0	0	0	0		0.0	0	0	0	0	0	0	0		0.0	gpt_oss_20b	1																
(̄³̄)	0	0	0	0	0	0	0		0.0	0	0	0	0	0	0	0		0.0	0	0	0	0	0	0	0		0.0	1	0	0	0	1	0	0	HN-S	1.0	0	0	0	0	0	0	0		0.0	0	0	0	0	0	0	0		0.0	gpt_oss_20b	1																
(̑‿̑)	0	0	0	0	0	0	0		0.0	0	0	0	0	0	0	0		0.0	0	0	0	0	0	0	0		0.0	1	0	0	0	0	1	0	LN	1.0	0	0	0	0	0	0	0		0.0	0	0	0	0	0	0	0		0.0	gpt_oss_20b	1																
(̒‿̒)	0	0	0	0	0	0	0		0.0	0	0	0	0	0	0	0		0.0	0	0	0	0	0	0	0		0.0	1	0	0	0	1	0	0	HN-S	1.0	0	0	0	0	0	0	0		0.0	0	0	0	0	0	0	0		0.0	gpt_oss_20b	1																
(̛̠̠)	0	0	0	0	0	0	0		0.0	0	0	0	0	0	0	0		0.0	0	0	0	0	0	0	0		0.0	1	0	0	1	0	0	0	HN-D	1.0	0	0	0	0	0	0	0		0.0	0	0	0	0	0	0	0		0.0	gpt_oss_20b	1																
(̥̯̥)	0	0	0	0	0	0	0		0.0	0	0	0	0	0	0	0		0.0	0	0	0	0	0	0	0		0.0	1	0	0	0	0	1	0	LN	1.0	0	0	0	0	0	0	0		0.0	0	0	0	0	0	0	0		0.0	gpt_oss_20b	1																
(͡°͜ʖ͡°)	0	0	0	0	0	0	0		0.0	0	0	0	0	0	0	0		0.0	1	0	0	1	0	0	0	HN-D	1.0	0	0	0	0	0	0	0		0.0	0	0	0	0	0	0	0		0.0	0	0	0	0	0	0	0		0.0	ministral	1																
(ू・‿・ू)	0	0	0	0	0	0	0		0.0	0	0	0	0	0	0	0		0.0	0	0	0	0	0	0	0		0.0	0	0	0	0	0	0	0		0.0	1	1	0	0	0	0	0	HP	1.0	0	0	0	0	0	0	0		0.0	granite	1																
(ಠ_ಠ)	0	0	0	0	0	0	0		0.0	5	0	0	5	0	0	0	HN-D	1.0	0	0	0	0	0	0	0		0.0	0	0	0	0	0	0	0		0.0	0	0	0	0	0	0	0		0.0	0	0	0	0	0	0	0		0.0	qwen	1																
(ಥ﹏ಥ)	1	0	0	0	1	0	0	HN-S	1.0	0	0	0	0	0	0	0		0.0	0	0	0	0	0	0	0		0.0	0	0	0	0	0	0	0		0.0	23	0	1	1	0	20	1	LN	0.8696	0	0	0	0	0	0	0		0.0	gemma,granite	2					0.6931											
(ง・̀_・́)	0	0	0	0	0	0	0		0.0	0	0	0	0	0	0	0		0.0	0	0	0	0	0	0	0		0.0	1	1	0	0	0	0	0	HP	1.0	0	0	0	0	0	0	0		0.0	0	0	0	0	0	0	0		0.0	gpt_oss_20b	1																
(๑><๑)	0	0	0	0	0	0	0		0.0	3	0	3	0	0	0	0	LP	1.0	0	0	0	0	0	0	0		0.0	0	0	0	0	0	0	0		0.0	0	0	0	0	0	0	0		0.0	0	0	0	0	0	0	0		0.0	qwen	1																
(๑>‿<๑)	0	0	0	0	0	0	0		0.0	5	0	5	0	0	0	0	LP	1.0	0	0	0	0	0	0	0		0.0	0	0	0	0	0	0	0		0.0	0	0	0	0	0	0	0		0.0	0	0	0	0	0	0	0		0.0	qwen	1																
(๑´ڡ`๑)	2	0	1	0	0	0	1	LP	0.5	0	0	0	0	0	0	0		0.0	0	0	0	0	0	0	0		0.0	0	0	0	0	0	0	0		0.0	0	0	0	0	0	0	0		0.0	0	0	0	0	0	0	0		0.0	gemma	1																
(๑˃‿˂)	102	78	16	0	0	0	8	HP	0.7647	0	0	0	0	0	0	0		0.0	0	0	0	0	0	0	0		0.0	11	8	0	1	1	1	0	HP	0.7273	0	0	0	0	0	0	0		0.0	0	0	0	0	0	0	0		0.0	gemma,gpt_oss_20b	2				0.1763												
(๑・̀ㅁ・́๑)	0	0	0	0	0	0	0		0.0	0	0	0	0	0	0	0		0.0	0	0	0	0	0	0	0		0.0	0	0	0	0	0	0	0		0.0	17	0	12	0	0	3	2	LP	0.7059	0	0	0	0	0	0	0		0.0	granite	1																
(๑・̀ㅂ・́)	1	0	0	0	0	0	1	NB	1.0	5	0	4	0	0	0	1	LP	0.8	0	0	0	0	0	0	0		0.0	2	0	0	0	0	2	0	LN	1.0	0	0	0	0	0	0	0		0.0	0	0	0	0	0	0	0		0.0	gemma,qwen,gpt_oss_20b	3		0.4228		0.6931				0.6931								
(๑・́₃・̀๑)	0	0	0	0	0	0	0		0.0	0	0	0	0	0	0	0		0.0	0	0	0	0	0	0	0		0.0	0	0	0	0	0	0	0		0.0	3	0	1	0	0	2	0	LN	0.6667	0	0	0	0	0	0	0		0.0	granite	1																
(๑・﹏・)	2	0	0	0	1	0	1	HN-S	0.5	0	0	0	0	0	0	0		0.0	0	0	0	0	0	0	0		0.0	0	0	0	0	0	0	0		0.0	0	0	0	0	0	0	0		0.0	0	0	0	0	0	0	0		0.0	gemma	1																
(ᐢ・ᴥ・ᐢ)	0	0	0	0	0	0	0		0.0	0	0	0	0	0	0	0		0.0	0	0	0	0	0	0	0		0.0	1	0	1	0	0	0	0	LP	1.0	0	0	0	0	0	0	0		0.0	0	0	0	0	0	0	0		0.0	gpt_oss_20b	1																
(ᗜ)	0	0	0	0	0	0	0		0.0	0	0	0	0	0	0	0		0.0	0	0	0	0	0	0	0		0.0	1	0	0	1	0	0	0	HN-D	1.0	0	0	0	0	0	0	0		0.0	0	0	0	0	0	0	0		0.0	gpt_oss_20b	1																
(ᗜ3)	0	0	0	0	0	0	0		0.0	0	0	0	0	0	0	0		0.0	0	0	0	0	0	0	0		0.0	1	0	0	0	1	0	0	HN-S	1.0	0	0	0	0	0	0	0		0.0	0	0	0	0	0	0	0		0.0	gpt_oss_20b	1																
(ᗜ`)	0	0	0	0	0	0	0		0.0	0	0	0	0	0	0	0		0.0	0	0	0	0	0	0	0		0.0	1	0	0	0	1	0	0	HN-S	1.0	0	0	0	0	0	0	0		0.0	0	0	0	0	0	0	0		0.0	gpt_oss_20b	1																
(ᗜ㉨)	0	0	0	0	0	0	0		0.0	0	0	0	0	0	0	0		0.0	0	0	0	0	0	0	0		0.0	1	0	0	0	1	0	0	HN-S	1.0	0	0	0	0	0	0	0		0.0	0	0	0	0	0	0	0		0.0	gpt_oss_20b	1																
(ᵏᵈ)	0	0	0	0	0	0	0		0.0	0	0	0	0	0	0	0		0.0	0	0	0	0	0	0	0		0.0	1	0	0	0	0	1	0	LN	1.0	0	0	0	0	0	0	0		0.0	0	0	0	0	0	0	0		0.0	gpt_oss_20b	1																
(ᵐᴥᵐ)	0	0	0	0	0	0	0		0.0	0	0	0	0	0	0	0		0.0	0	0	0	0	0	0	0		0.0	1	0	0	0	0	1	0	LN	1.0	0	0	0	0	0	0	0		0.0	0	0	0	0	0	0	0		0.0	gpt_oss_20b	1																
(ᵐᵒᵐ)	0	0	0	0	0	0	0		0.0	0	0	0	0	0	0	0		0.0	0	0	0	0	0	0	0		0.0	1	0	0	0	0	1	0	LN	1.0	0	0	0	0	0	0	0		0.0	0	0	0	0	0	0	0		0.0	gpt_oss_20b	1																
(ᵒ̌ᴥᵒ̌)	0	0	0	0	0	0	0		0.0	0	0	0	0	0	0	0		0.0	0	0	0	0	0	0	0		0.0	8	0	0	1	1	6	0	LN	0.75	0	0	0	0	0	0	0		0.0	0	0	0	0	0	0	0		0.0	gpt_oss_20b	1																
(ᵒ̌ᵃᵒ̌)	0	0	0	0	0	0	0		0.0	0	0	0	0	0	0	0		0.0	0	0	0	0	0	0	0		0.0	4	1	0	1	1	1	0	HP	0.25	0	0	0	0	0	0	0		0.0	0	0	0	0	0	0	0		0.0	gpt_oss_20b	1																
(ᵒ̌ᵏᵒ̌)	0	0	0	0	0	0	0		0.0	0	0	0	0	0	0	0		0.0	0	0	0	0	0	0	0		0.0	1	0	0	0	0	0	1	NB	1.0	0	0	0	0	0	0	0		0.0	0	0	0	0	0	0	0		0.0	gpt_oss_20b	1																
(ᵒ̌ᵐᵒ̌)	0	0	0	0	0	0	0		0.0	0	0	0	0	0	0	0		0.0	0	0	0	0	0	0	0		0.0	4	1	0	1	2	0	0	HN-S	0.5	0	0	0	0	0	0	0		0.0	0	0	0	0	0	0	0		0.0	gpt_oss_20b	1																
(ᵒ̌ᵐ㏑)	0	0	0	0	0	0	0		0.0	0	0	0	0	0	0	0		0.0	0	0	0	0	0	0	0		0.0	2	0	0	0	1	1	0	HN-S	0.5	0	0	0	0	0	0	0		0.0	0	0	0	0	0	0	0		0.0	gpt_oss_20b	1																
(ᵒ̌ᵔᵒ̌)	0	0	0	0	0	0	0		0.0	0	0	0	0	0	0	0		0.0	0	0	0	0	0	0	0		0.0	1	0	0	1	0	0	0	HN-D	1.0	0	0	0	0	0	0	0		0.0	0	0	0	0	0	0	0		0.0	gpt_oss_20b	1																
(ᵒ̌ᵗᵒ̌)	0	0	0	0	0	0	0		0.0	0	0	0	0	0	0	0		0.0	0	0	0	0	0	0	0		0.0	4	1	0	0	2	1	0	HN-S	0.5	0	0	0	0	0	0	0		0.0	0	0	0	0	0	0	0		0.0	gpt_oss_20b	1																
(ᵔ̀-̀ᵔ)	0	0	0	0	0	0	0		0.0	0	0	0	0	0	0	0		0.0	0	0	0	0	0	0	0		0.0	1	0	0	0	1	0	0	HN-S	1.0	0	0	0	0	0	0	0		0.0	0	0	0	0	0	0	0		0.0	gpt_oss_20b	1																
(ᵔᴥᵔ)	0	0	0	0	0	0	0		0.0	0	0	0	0	0	0	0		0.0	0	0	0	0	0	0	0		0.0	55	9	3	17	10	14	2	HN-D	0.3091	0	0	0	0	0	0	0		0.0	0	0	0	0	0	0	0		0.0	gpt_oss_20b	1																
(ᵔᵔ)	0	0	0	0	0	0	0		0.0	0	0	0	0	0	0	0		0.0	0	0	0	0	0	0	0		0.0	1	0	1	0	0	0	0	LP	1.0	0	0	0	0	0	0	0		0.0	0	0	0	0	0	0	0		0.0	gpt_oss_20b	1																
(ᵔ‿ᵔ)	0	0	0	0	0	0	0		0.0	0	0	0	0	0	0	0		0.0	0	0	0	0	0	0	0		0.0	5	1	0	3	0	1	0	HN-D	0.6	0	0	0	0	0	0	0		0.0	0	0	0	0	0	0	0		0.0	gpt_oss_20b	1																
(ᵔㅂᵔ)	0	0	0	0	0	0	0		0.0	0	0	0	0	0	0	0		0.0	0	0	0	0	0	0	0		0.0	7	0	0	2	4	0	1	HN-S	0.5714	0	0	0	0	0	0	0		0.0	0	0	0	0	0	0	0		0.0	gpt_oss_20b	1																
(ᵔㅅᵔ)	0	0	0	0	0	0	0		0.0	0	0	0	0	0	0	0		0.0	0	0	0	0	0	0	0		0.0	4	1	1	2	0	0	0	HN-D	0.5	0	0	0	0	0	0	0		0.0	0	0	0	0	0	0	0		0.0	gpt_oss_20b	1																
(ᵔㅜᵔ)	0	0	0	0	0	0	0		0.0	0	0	0	0	0	0	0		0.0	0	0	0	0	0	0	0		0.0	1	0	0	1	0	0	0	HN-D	1.0	0	0	0	0	0	0	0		0.0	0	0	0	0	0	0	0		0.0	gpt_oss_20b	1																
(‿‿)	0	0	0	0	0	0	0		0.0	0	0	0	0	0	0	0		0.0	0	0	0	0	0	0	0		0.0	1	0	1	0	0	0	0	LP	1.0	0	0	0	0	0	0	0		0.0	0	0	0	0	0	0	0		0.0	gpt_oss_20b	1																
(‿‿‿)	4	0	2	0	0	0	2	LP	0.5	0	0	0	0	0	0	0		0.0	0	0	0	0	0	0	0		0.0	2	2	0	0	0	0	0	HP	1.0	0	0	0	0	0	0	0		0.0	0	0	0	0	0	0	0		0.0	gemma,gpt_oss_20b	2				0.6931												
(‿‿‿✿)	0	0	0	0	0	0	0		0.0	0	0	0	0	0	0	0		0.0	0	0	0	0	0	0	0		0.0	0	0	0	0	0	0	0		0.0	0	0	0	0	0	0	0		0.0	1	0	1	0	0	0	0	LP	1.0	claude	1																
(⁀˘ω˘⁀)	0	0	0	0	0	0	0		0.0	0	0	0	0	0	0	0		0.0	0	0	0	0	0	0	0		0.0	1	0	0	0	1	0	0	HN-S	1.0	0	0	0	0	0	0	0		0.0	0	0	0	0	0	0	0		0.0	gpt_oss_20b	1																
(⁀ᗜ⁀)	0	0	0	0	0	0	0		0.0	0	0	0	0	0	0	0		0.0	0	0	0	0	0	0	0		0.0	19	4	1	2	5	6	1	LN	0.3158	0	0	0	0	0	0	0		0.0	0	0	0	0	0	0	0		0.0	gpt_oss_20b	1																
(⁀✰)	0	0	0	0	0	0	0		0.0	0	0	0	0	0	0	0		0.0	0	0	0	0	0	0	0		0.0	1	0	0	0	1	0	0	HN-S	1.0	0	0	0	0	0	0	0		0.0	0	0	0	0	0	0	0		0.0	gpt_oss_20b	1																
(⁄	0	0	0	0	0	0	0		0.0	7	3	4	0	0	0	0	LP	0.5714	0	0	0	0	0	0	0		0.0	6	1	1	0	0	2	2	LN	0.3333	1	0	1	0	0	0	0	LP	1.0	0	0	0	0	0	0	0		0.0	qwen,gpt_oss_20b,granite	3								0.3195	0.1781					0.4539		
(⁄⁂⁄)	0	0	0	0	0	0	0		0.0	0	0	0	0	0	0	0		0.0	0	0	0	0	0	0	0		0.0	1	0	0	0	0	0	1	NB	1.0	0	0	0	0	0	0	0		0.0	0	0	0	0	0	0	0		0.0	gpt_oss_20b	1																
(⁄⁄・⁄ω⁄・⁄)	0	0	0	0	0	0	0		0.0	0	0	0	0	0	0	0		0.0	0	0	0	0	0	0	0		0.0	1	1	0	0	0	0	0	HP	1.0	0	0	0	0	0	0	0		0.0	0	0	0	0	0	0	0		0.0	gpt_oss_20b	1																
(⁎˃ᆺ˂)	0	0	0	0	0	0	0		0.0	0	0	0	0	0	0	0		0.0	0	0	0	0	0	0	0		0.0	0	0	0	0	0	0	0		0.0	2	0	0	0	0	2	0	LN	1.0	0	0	0	0	0	0	0		0.0	granite	1																
(⁎˃‿˂⁎)	0	0	0	0	0	0	0		0.0	0	0	0	0	0	0	0		0.0	0	0	0	0	0	0	0		0.0	3	0	3	0	0	0	0	LP	1.0	0	0	0	0	0	0	0		0.0	0	0	0	0	0	0	0		0.0	gpt_oss_20b	1																
(⁎‿‿‿⁎)	1	0	1	0	0	0	0	LP	1.0	0	0	0	0	0	0	0		0.0	0	0	0	0	0	0	0		0.0	0	0	0	0	0	0	0		0.0	0	0	0	0	0	0	0		0.0	0	0	0	0	0	0	0		0.0	gemma	1																
(≖‿≖)	0	0	0	0	0	0	0		0.0	0	0	0	0	0	0	0		0.0	0	0	0	0	0	0	0		0.0	1	0	0	0	0	0	1	NB	1.0	0	0	0	0	0	0	0		0.0	0	0	0	0	0	0	0		0.0	gpt_oss_20b	1																
(≧^O^≦)	0	0	0	0	0	0	0		0.0	0	0	0	0	0	0	0		0.0	0	0	0	0	0	0	0		0.0	1	0	0	0	1	0	0	HN-S	1.0	0	0	0	0	0	0	0		0.0	0	0	0	0	0	0	0		0.0	gpt_oss_20b	1																
(≧ω≦)	0	0	0	0	0	0	0		0.0	0	0	0	0	0	0	0		0.0	0	0	0	0	0	0	0		0.0	5	1	2	1	0	0	1	LP	0.4	0	0	0	0	0	0	0		0.0	0	0	0	0	0	0	0		0.0	gpt_oss_20b	1																
(≧‿≦)	0	0	0	0	0	0	0		0.0	42	17	20	0	0	0	5	LP	0.4762	0	0	0	0	0	0	0		0.0	60	16	13	11	10	2	8	HP	0.2667	2	2	0	0	0	0	0	HP	1.0	1	1	0	0	0	0	0	HP	1.0	qwen,gpt_oss_20b,granite,claude	4								0.1651	0.2714	0.2714				0.3672	0.3672	0.0
(≧∇≦)	1	1	0	0	0	0	0	HP	1.0	2	2	0	0	0	0	0	HP	1.0	1	0	1	0	0	0	0	LP	1.0	0	0	0	0	0	0	0		0.0	0	0	0	0	0	0	0		0.0	0	0	0	0	0	0	0		0.0	gemma,qwen,ministral	3		0.0	0.6931				0.6931									
(≧▽≦)	7	7	0	0	0	0	0	HP	1.0	21	15	4	0	0	0	2	HP	0.7143	19	0	2	1	0	5	11	NB	0.5789	8	3	2	1	1	0	1	HP	0.375	2	2	0	0	0	0	0	HP	1.0	1	1	0	0	0	0	0	HP	1.0	gemma,qwen,ministral,gpt_oss_20b,granite,claude	6	False	0.111	0.6931	0.2903	0.0	0.0	0.4596	0.1165	0.111	0.111	0.3666	0.6931	0.6931	0.2903	0.2903	0.0
(≧▽≦*)o	0	0	0	0	0	0	0		0.0	1	1	0	0	0	0	0	HP	1.0	0	0	0	0	0	0	0		0.0	0	0	0	0	0	0	0		0.0	0	0	0	0	0	0	0		0.0	0	0	0	0	0	0	0		0.0	qwen	1																
(≧︿≦)	0	0	0	0	0	0	0		0.0	0	0	0	0	0	0	0		0.0	0	0	0	0	0	0	0		0.0	0	0	0	0	0	0	0		0.0	1	0	0	0	1	0	0	HN-S	1.0	0	0	0	0	0	0	0		0.0	granite	1																
(⊃｡・́‿・̀｡)	0	0	0	0	0	0	0		0.0	2	2	0	0	0	0	0	HP	1.0	0	0	0	0	0	0	0		0.0	0	0	0	0	0	0	0		0.0	0	0	0	0	0	0	0		0.0	0	0	0	0	0	0	0		0.0	qwen	1																
(⊙^▽^⊙)	0	0	0	0	0	0	0		0.0	0	0	0	0	0	0	0		0.0	0	0	0	0	0	0	0		0.0	0	0	0	0	0	0	0		0.0	1	1	0	0	0	0	0	HP	1.0	0	0	0	0	0	0	0		0.0	granite	1																
(⊙_⊙)	99	0	0	16	66	0	17	HN-S	0.6667	1	0	0	0	0	0	1	NB	1.0	4	0	0	0	4	0	0	HN-S	1.0	0	0	0	0	0	0	0		0.0	0	0	0	0	0	0	0		0.0	0	0	0	0	0	0	0		0.0	gemma,qwen,ministral	3		0.449	0.1323				0.6931									
(⊙_⊙;)	0	0	0	0	0	0	0		0.0	10	2	0	2	6	0	0	HN-S	0.6	0	0	0	0	0	0	0		0.0	3	0	1	1	1	0	0	LP	0.3333	0	0	0	0	0	0	0		0.0	0	0	0	0	0	0	0		0.0	qwen,gpt_oss_20b	2								0.2126								
(⊙_◎)	0	0	0	0	0	0	0		0.0	0	0	0	0	0	0	0		0.0	0	0	0	0	0	0	0		0.0	3	0	0	0	2	1	0	HN-S	0.6667	0	0	0	0	0	0	0		0.0	0	0	0	0	0	0	0		0.0	gpt_oss_20b	1																
(⊙_☉;)	0	0	0	0	0	0	0		0.0	0	0	0	0	0	0	0		0.0	0	0	0	0	0	0	0		0.0	5	0	0	0	4	1	0	HN-S	0.8	0	0	0	0	0	0	0		0.0	0	0	0	0	0	0	0		0.0	gpt_oss_20b	1																
(⊙o⊙)	1	1	0	0	0	0	0	HP	1.0	0	0	0	0	0	0	0		0.0	0	0	0	0	0	0	0		0.0	0	0	0	0	0	0	0		0.0	0	0	0	0	0	0	0		0.0	0	0	0	0	0	0	0		0.0	gemma	1																
(⊙´ ω `⊙)	0	0	0	0	0	0	0		0.0	0	0	0	0	0	0	0		0.0	0	0	0	0	0	0	0		0.0	0	0	0	0	0	0	0		0.0	1	0	0	0	1	0	0	HN-S	1.0	0	0	0	0	0	0	0		0.0	granite	1																
(⊙ˊωˋ⊙)	0	0	0	0	0	0	0		0.0	0	0	0	0	0	0	0		0.0	1	1	0	0	0	0	0	HP	1.0	0	0	0	0	0	0	0		0.0	0	0	0	0	0	0	0		0.0	0	0	0	0	0	0	0		0.0	ministral	1																
(⊙ˊᵔ⊙ˋ)	0	0	0	0	0	0	0		0.0	0	0	0	0	0	0	0		0.0	1	0	0	0	0	0	1	NB	1.0	0	0	0	0	0	0	0		0.0	0	0	0	0	0	0	0		0.0	0	0	0	0	0	0	0		0.0	ministral	1																
(⊙′ω`-)	0	0	0	0	0	0	0		0.0	0	0	0	0	0	0	0		0.0	1	0	1	0	0	0	0	LP	1.0	0	0	0	0	0	0	0		0.0	0	0	0	0	0	0	0		0.0	0	0	0	0	0	0	0		0.0	ministral	1																
(⊙⊃□⊂)	0	0	0	0	0	0	0		0.0	0	0	0	0	0	0	0		0.0	1	0	1	0	0	0	0	LP	1.0	0	0	0	0	0	0	0		0.0	0	0	0	0	0	0	0		0.0	0	0	0	0	0	0	0		0.0	ministral	1																
(⊙⊙)	1	1	0	0	0	0	0	HP	1.0	0	0	0	0	0	0	0		0.0	0	0	0	0	0	0	0		0.0	0	0	0	0	0	0	0		0.0	0	0	0	0	0	0	0		0.0	0	0	0	0	0	0	0		0.0	gemma	1																
(⊙⌒∇⌒⊙)ゝ	0	0	0	0	0	0	0		0.0	0	0	0	0	0	0	0		0.0	0	0	0	0	0	0	0		0.0	0	0	0	0	0	0	0		0.0	1	1	0	0	0	0	0	HP	1.0	0	0	0	0	0	0	0		0.0	granite	1																
(⊙▽⊙)	2	2	0	0	0	0	0	HP	1.0	0	0	0	0	0	0	0		0.0	0	0	0	0	0	0	0		0.0	0	0	0	0	0	0	0		0.0	0	0	0	0	0	0	0		0.0	0	0	0	0	0	0	0		0.0	gemma	1																
(⊙◞⊙)	0	0	0	0	0	0	0		0.0	0	0	0	0	0	0	0		0.0	5	0	0	0	4	1	0	HN-S	0.8	0	0	0	0	0	0	0		0.0	0	0	0	0	0	0	0		0.0	0	0	0	0	0	0	0		0.0	ministral	1																
(⊙﹏⊙)	19	0	0	0	19	0	0	HN-S	1.0	0	0	0	0	0	0	0		0.0	0	0	0	0	0	0	0		0.0	0	0	0	0	0	0	0		0.0	0	0	0	0	0	0	0		0.0	0	0	0	0	0	0	0		0.0	gemma	1																
(⊙�	0	0	0	0	0	0	0		0.0	0	0	0	0	0	0	0		0.0	0	0	0	0	0	0	0		0.0	0	0	0	0	0	0	0		0.0	1	1	0	0	0	0	0	HP	1.0	0	0	0	0	0	0	0		0.0	granite	1																
(⌐■_■)	0	0	0	0	0	0	0		0.0	4	0	0	0	0	0	4	NB	1.0	0	0	0	0	0	0	0		0.0	1	0	0	0	0	0	1	NB	1.0	6	0	0	0	0	0	6	NB	1.0	0	0	0	0	0	0	0		0.0	qwen,gpt_oss_20b,granite	3								0.0	0.0					0.0		
(⌒_⌒;)	0	0	0	0	0	0	0		0.0	0	0	0	0	0	0	0		0.0	0	0	0	0	0	0	0		0.0	4	0	1	0	1	2	0	LN	0.5	0	0	0	0	0	0	0		0.0	0	0	0	0	0	0	0		0.0	gpt_oss_20b	1																
(⌒‿⌒)	0	0	0	0	0	0	0		0.0	2	0	0	0	0	0	2	NB	1.0	0	0	0	0	0	0	0		0.0	12	0	6	0	0	0	6	LP	0.5	2	0	1	0	0	0	1	LP	0.5	1	0	1	0	0	0	0	LP	1.0	qwen,gpt_oss_20b,granite,claude	4								0.2158	0.2158	0.6931				0.0	0.2158	0.2158
(⌒▽⌒)	0	0	0	0	0	0	0		0.0	0	0	0	0	0	0	0		0.0	0	0	0	0	0	0	0		0.0	0	0	0	0	0	0	0		0.0	21	0	7	0	0	2	12	NB	0.5714	0	0	0	0	0	0	0		0.0	granite	1																
(⌓・ᴥ・⌓)	0	0	0	0	0	0	0		0.0	0	0	0	0	0	0	0		0.0	0	0	0	0	0	0	0		0.0	0	0	0	0	0	0	0		0.0	1	0	0	0	0	0	1	NB	1.0	0	0	0	0	0	0	0		0.0	granite	1																
(⌛)	0	0	0	0	0	0	0		0.0	0	0	0	0	0	0	0		0.0	0	0	0	0	0	0	0		0.0	0	0	0	0	0	0	0		0.0	1	1	0	0	0	0	0	HP	1.0	0	0	0	0	0	0	0		0.0	granite	1																
(⌛️)	0	0	0	0	0	0	0		0.0	0	0	0	0	0	0	0		0.0	1	0	0	0	1	0	0	HN-S	1.0	0	0	0	0	0	0	0		0.0	0	0	0	0	0	0	0		0.0	0	0	0	0	0	0	0		0.0	ministral	1																
(⌯˃᷄	0	0	0	0	0	0	0		0.0	0	0	0	0	0	0	0		0.0	0	0	0	0	0	0	0		0.0	0	0	0	0	0	0	0		0.0	5	0	1	0	1	3	0	LN	0.6	0	0	0	0	0	0	0		0.0	granite	1																
(⏰)	0	0	0	0	0	0	0		0.0	0	0	0	0	0	0	0		0.0	1	0	0	0	0	0	1	NB	1.0	0	0	0	0	0	0	0		0.0	0	0	0	0	0	0	0		0.0	0	0	0	0	0	0	0		0.0	ministral	1																
(┛▧益▧)	0	0	0	0	0	0	0		0.0	0	0	0	0	0	0	0		0.0	0	0	0	0	0	0	0		0.0	0	0	0	0	0	0	0		0.0	1	0	0	0	0	1	0	LN	1.0	0	0	0	0	0	0	0		0.0	granite	1																
(╥_╥)	0	0	0	0	0	0	0		0.0	27	0	0	17	2	8	0	HN-D	0.6296	0	0	0	0	0	0	0		0.0	18	1	0	7	6	3	1	HN-D	0.3889	0	0	0	0	0	0	0		0.0	0	0	0	0	0	0	0		0.0	qwen,gpt_oss_20b	2								0.1067								
(╥_﹏)	0	0	0	0	0	0	0		0.0	0	0	0	0	0	0	0		0.0	0	0	0	0	0	0	0		0.0	2	0	1	0	0	0	1	LP	0.5	0	0	0	0	0	0	0		0.0	0	0	0	0	0	0	0		0.0	gpt_oss_20b	1																
(╥╯﹏╰╥)	1	0	0	0	0	1	0	LN	1.0	0	0	0	0	0	0	0		0.0	0	0	0	0	0	0	0		0.0	0	0	0	0	0	0	0		0.0	0	0	0	0	0	0	0		0.0	0	0	0	0	0	0	0		0.0	gemma	1																
(╥﹏╥	0	0	0	0	0	0	0		0.0	1	0	1	0	0	0	0	LP	1.0	0	0	0	0	0	0	0		0.0	0	0	0	0	0	0	0		0.0	0	0	0	0	0	0	0		0.0	0	0	0	0	0	0	0		0.0	qwen	1																
(╥﹏╥)	12	4	0	1	5	2	0	HN-S	0.4167	28	1	0	19	8	0	0	HN-D	0.6786	3	1	0	0	1	1	0	HP	0.3333	26	0	0	12	8	5	1	HN-D	0.4615	5	0	0	0	1	4	0	LN	0.8	2	0	0	0	2	0	0	HN-S	1.0	gemma,qwen,ministral,gpt_oss_20b,granite,claude	6	False	0.2657	0.0454	0.2057	0.2767	0.264	0.4209	0.103	0.5286	0.3526	0.2986	0.1734	0.3183	0.279	0.3364	0.4228
(╬Ò﹏Ó)	0	0	0	0	0	0	0		0.0	0	0	0	0	0	0	0		0.0	0	0	0	0	0	0	0		0.0	0	0	0	0	0	0	0		0.0	0	0	0	0	0	0	0		0.0	6	0	0	4	2	0	0	HN-D	0.6667	claude	1																
(╬ಠ益ಠ)	0	0	0	0	0	0	0		0.0	0	0	0	0	0	0	0		0.0	0	0	0	0	0	0	0		0.0	0	0	0	0	0	0	0		0.0	0	0	0	0	0	0	0		0.0	10	0	0	10	0	0	0	HN-D	1.0	claude	1																
(╬⊙△⊙)	0	0	0	0	0	0	0		0.0	0	0	0	0	0	0	0		0.0	0	0	0	0	0	0	0		0.0	0	0	0	0	0	0	0		0.0	0	0	0	0	0	0	0		0.0	1	0	0	0	1	0	0	HN-S	1.0	claude	1																
(╯°□°	0	0	0	0	0	0	0		0.0	1	1	0	0	0	0	0	HP	1.0	0	0	0	0	0	0	0		0.0	0	0	0	0	0	0	0		0.0	0	0	0	0	0	0	0		0.0	0	0	0	0	0	0	0		0.0	qwen	1																
(╯°□°)	134	1	0	132	1	0	0	HN-D	0.9851	85	5	0	76	4	0	0	HN-D	0.8941	16	3	4	0	2	1	6	NB	0.375	41	3	1	14	12	10	1	HN-D	0.3415	0	0	0	0	0	0	0		0.0	8	0	0	4	4	0	0	HN-D	0.5	gemma,qwen,ministral,gpt_oss_20b,claude	5		0.0204	0.663	0.285		0.1994	0.575	0.2153		0.158	0.3238		0.5368		0.148	
(╯ↀ╰)	0	0	0	0	0	0	0		0.0	0	0	0	0	0	0	0		0.0	1	0	1	0	0	0	0	LP	1.0	0	0	0	0	0	0	0		0.0	0	0	0	0	0	0	0		0.0	0	0	0	0	0	0	0		0.0	ministral	1																
(╯✧╰)	0	0	0	0	0	0	0		0.0	0	0	0	0	0	0	0		0.0	1	1	0	0	0	0	0	HP	1.0	0	0	0	0	0	0	0		0.0	0	0	0	0	0	0	0		0.0	0	0	0	0	0	0	0		0.0	ministral	1																
(╯✧╰╯)	0	0	0	0	0	0	0		0.0	0	0	0	0	0	0	0		0.0	1	1	0	0	0	0	0	HP	1.0	0	0	0	0	0	0	0		0.0	0	0	0	0	0	0	0		0.0	0	0	0	0	0	0	0		0.0	ministral	1																
(╯✧▽✧)	1	1	0	0	0	0	0	HP	1.0	0	0	0	0	0	0	0		0.0	2	1	1	0	0	0	0	HP	0.5	0	0	0	0	0	0	0		0.0	0	0	0	0	0	0	0		0.0	0	0	0	0	0	0	0		0.0	gemma,ministral	2			0.2158													
(╲︿╱')	0	0	0	0	0	0	0		0.0	0	0	0	0	0	0	0		0.0	0	0	0	0	0	0	0		0.0	0	0	0	0	0	0	0		0.0	1	1	0	0	0	0	0	HP	1.0	0	0	0	0	0	0	0		0.0	granite	1																
(╹‿╹)	0	0	0	0	0	0	0		0.0	0	0	0	0	0	0	0		0.0	1	0	1	0	0	0	0	LP	1.0	1	0	1	0	0	0	0	LP	1.0	0	0	0	0	0	0	0		0.0	0	0	0	0	0	0	0		0.0	ministral,gpt_oss_20b	2											0.0					
(╹▽╹)	0	0	0	0	0	0	0		0.0	1	0	0	0	0	0	1	NB	1.0	0	0	0	0	0	0	0		0.0	0	0	0	0	0	0	0		0.0	0	0	0	0	0	0	0		0.0	0	0	0	0	0	0	0		0.0	qwen	1																
(▼_▼)	0	0	0	0	0	0	0		0.0	1	0	0	1	0	0	0	HN-D	1.0	0	0	0	0	0	0	0		0.0	0	0	0	0	0	0	0		0.0	0	0	0	0	0	0	0		0.0	0	0	0	0	0	0	0		0.0	qwen	1																
(▽▽)	0	0	0	0	0	0	0		0.0	1	0	1	0	0	0	0	LP	1.0	0	0	0	0	0	0	0		0.0	0	0	0	0	0	0	0		0.0	0	0	0	0	0	0	0		0.0	0	0	0	0	0	0	0		0.0	qwen	1																
(◕‿◕)	3	3	0	0	0	0	0	HP	1.0	9	0	0	0	0	0	9	NB	1.0	13	0	9	0	0	0	4	LP	0.6923	5	4	0	0	0	1	0	HP	0.8	5	4	1	0	0	0	0	HP	0.8	5	3	1	0	0	0	1	HP	0.6	gemma,qwen,ministral,gpt_oss_20b,granite,claude	6	False	0.6931	0.6931	0.0749	0.0749	0.1639	0.3364	0.6931	0.6931	0.4228	0.6931	0.4558	0.2856	0.1386	0.2151	0.0765
(◕‿◕✌)	0	0	0	0	0	0	0		0.0	0	0	0	0	0	0	0		0.0	1	1	0	0	0	0	0	HP	1.0	0	0	0	0	0	0	0		0.0	0	0	0	0	0	0	0		0.0	0	0	0	0	0	0	0		0.0	ministral	1																
(◕‿◕✿)	0	0	0	0	0	0	0		0.0	23	3	11	0	0	0	9	LP	0.4783	97	5	35	1	10	7	39	NB	0.4021	29	7	7	1	2	1	11	NB	0.3793	0	0	0	0	0	0	0		0.0	2	0	2	0	0	0	0	LP	1.0	qwen,ministral,gpt_oss_20b,claude	4							0.0773	0.0761		0.2279	0.0481		0.2996		0.3874	
(◕‿◕�	0	0	0	0	0	0	0		0.0	1	0	0	0	0	0	1	NB	1.0	0	0	0	0	0	0	0		0.0	0	0	0	0	0	0	0		0.0	0	0	0	0	0	0	0		0.0	0	0	0	0	0	0	0		0.0	qwen	1																
(◠‿◠)	0	0	0	0	0	0	0		0.0	0	0	0	0	0	0	0		0.0	2	0	0	0	1	1	0	HN-S	0.5	0	0	0	0	0	0	0		0.0	1	1	0	0	0	0	0	HP	1.0	0	0	0	0	0	0	0		0.0	ministral,granite	2												0.6931				
(◣_◢)	0	0	0	0	0	0	0		0.0	0	0	0	0	0	0	0		0.0	1	0	0	0	1	0	0	HN-S	1.0	0	0	0	0	0	0	0		0.0	0	0	0	0	0	0	0		0.0	0	0	0	0	0	0	0		0.0	ministral	1																
(☀️´▽`)	0	0	0	0	0	0	0		0.0	0	0	0	0	0	0	0		0.0	0	0	0	0	0	0	0		0.0	0	0	0	0	0	0	0		0.0	0	0	0	0	0	0	0		0.0	1	0	0	0	0	0	1	NB	1.0	claude	1																
(☁️‿☁️)	0	0	0	0	0	0	0		0.0	2	1	1	0	0	0	0	HP	0.5	0	0	0	0	0	0	0		0.0	0	0	0	0	0	0	0		0.0	0	0	0	0	0	0	0		0.0	0	0	0	0	0	0	0		0.0	qwen	1																
(★^O^★)	0	0	0	0	0	0	0		0.0	1	1	0	0	0	0	0	HP	1.0	0	0	0	0	0	0	0		0.0	0	0	0	0	0	0	0		0.0	0	0	0	0	0	0	0		0.0	0	0	0	0	0	0	0		0.0	qwen	1																
(★ω★)	5	5	0	0	0	0	0	HP	1.0	0	0	0	0	0	0	0		0.0	0	0	0	0	0	0	0		0.0	0	0	0	0	0	0	0		0.0	0	0	0	0	0	0	0		0.0	0	0	0	0	0	0	0		0.0	gemma	1																
(★‿★)	0	0	0	0	0	0	0		0.0	1	1	0	0	0	0	0	HP	1.0	0	0	0	0	0	0	0		0.0	0	0	0	0	0	0	0		0.0	0	0	0	0	0	0	0		0.0	0	0	0	0	0	0	0		0.0	qwen	1																
(☉‿☉)	0	0	0	0	0	0	0		0.0	0	0	0	0	0	0	0		0.0	0	0	0	0	0	0	0		0.0	1	0	1	0	0	0	0	LP	1.0	0	0	0	0	0	0	0		0.0	0	0	0	0	0	0	0		0.0	gpt_oss_20b	1																
(☕~☕)	0	0	0	0	0	0	0		0.0	0	0	0	0	0	0	0		0.0	0	0	0	0	0	0	0		0.0	1	0	1	0	0	0	0	LP	1.0	0	0	0	0	0	0	0		0.0	0	0	0	0	0	0	0		0.0	gpt_oss_20b	1																
(☕‿☕)	0	0	0	0	0	0	0		0.0	0	0	0	0	0	0	0		0.0	0	0	0	0	0	0	0		0.0	2	0	2	0	0	0	0	LP	1.0	0	0	0	0	0	0	0		0.0	0	0	0	0	0	0	0		0.0	gpt_oss_20b	1																
(☕・ω・)	0	0	0	0	0	0	0		0.0	1	0	1	0	0	0	0	LP	1.0	0	0	0	0	0	0	0		0.0	0	0	0	0	0	0	0		0.0	0	0	0	0	0	0	0		0.0	0	0	0	0	0	0	0		0.0	qwen	1																
(☕︎˶◕‿◕˶)	0	0	0	0	0	0	0		0.0	0	0	0	0	0	0	0		0.0	0	0	0	0	0	0	0		0.0	1	0	1	0	0	0	0	LP	1.0	0	0	0	0	0	0	0		0.0	0	0	0	0	0	0	0		0.0	gpt_oss_20b	1																
(☕︎‿)	0	0	0	0	0	0	0		0.0	1	0	1	0	0	0	0	LP	1.0	0	0	0	0	0	0	0		0.0	0	0	0	0	0	0	0		0.0	0	0	0	0	0	0	0		0.0	0	0	0	0	0	0	0		0.0	qwen	1																
(☕️‿‿‿)	2	0	2	0	0	0	0	LP	1.0	0	0	0	0	0	0	0		0.0	0	0	0	0	0	0	0		0.0	0	0	0	0	0	0	0		0.0	0	0	0	0	0	0	0		0.0	0	0	0	0	0	0	0		0.0	gemma	1																
(☕️‿☕️)	1	0	1	0	0	0	0	LP	1.0	0	0	0	0	0	0	0		0.0	0	0	0	0	0	0	0		0.0	0	0	0	0	0	0	0		0.0	0	0	0	0	0	0	0		0.0	0	0	0	0	0	0	0		0.0	gemma	1																
(☕️☁️)	1	0	1	0	0	0	0	LP	1.0	0	0	0	0	0	0	0		0.0	0	0	0	0	0	0	0		0.0	0	0	0	0	0	0	0		0.0	0	0	0	0	0	0	0		0.0	0	0	0	0	0	0	0		0.0	gemma	1																
(☕️✿✿☕️)	0	0	0	0	0	0	0		0.0	0	0	0	0	0	0	0		0.0	0	0	0	0	0	0	0		0.0	1	0	1	0	0	0	0	LP	1.0	0	0	0	0	0	0	0		0.0	0	0	0	0	0	0	0		0.0	gpt_oss_20b	1																
(☞‿☞)	0	0	0	0	0	0	0		0.0	0	0	0	0	0	0	0		0.0	0	0	0	0	0	0	0		0.0	2	0	1	0	0	0	1	LP	0.5	0	0	0	0	0	0	0		0.0	0	0	0	0	0	0	0		0.0	gpt_oss_20b	1																
(☞ﾟヮﾟ)	0	0	0	0	0	0	0		0.0	0	0	0	0	0	0	0		0.0	0	0	0	0	0	0	0		0.0	5	0	1	0	2	1	1	HN-S	0.4	0	0	0	0	0	0	0		0.0	0	0	0	0	0	0	0		0.0	gpt_oss_20b	1																
(♡‿♡)	0	0	0	0	0	0	0		0.0	0	0	0	0	0	0	0		0.0	0	0	0	0	0	0	0		0.0	0	0	0	0	0	0	0		0.0	0	0	0	0	0	0	0		0.0	1	1	0	0	0	0	0	HP	1.0	claude	1																
(⚖️)	0	0	0	0	0	0	0		0.0	0	0	0	0	0	0	0		0.0	1	0	0	0	1	0	0	HN-S	1.0	0	0	0	0	0	0	0		0.0	0	0	0	0	0	0	0		0.0	0	0	0	0	0	0	0		0.0	ministral	1																
(⚠️)	0	0	0	0	0	0	0		0.0	0	0	0	0	0	0	0		0.0	1	0	0	0	1	0	0	HN-S	1.0	0	0	0	0	0	0	0		0.0	0	0	0	0	0	0	0		0.0	0	0	0	0	0	0	0		0.0	ministral	1																
(✈️⚡)	0	0	0	0	0	0	0		0.0	0	0	0	0	0	0	0		0.0	1	0	0	0	1	0	0	HN-S	1.0	0	0	0	0	0	0	0		0.0	0	0	0	0	0	0	0		0.0	0	0	0	0	0	0	0		0.0	ministral	1																
(✌️)	0	0	0	0	0	0	0		0.0	0	0	0	0	0	0	0		0.0	1	0	0	0	0	0	1	NB	1.0	0	0	0	0	0	0	0		0.0	0	0	0	0	0	0	0		0.0	0	0	0	0	0	0	0		0.0	ministral	1																
(✧·∀·)	0	0	0	0	0	0	0		0.0	0	0	0	0	0	0	0		0.0	1	0	0	0	0	0	1	NB	1.0	0	0	0	0	0	0	0		0.0	0	0	0	0	0	0	0		0.0	0	0	0	0	0	0	0		0.0	ministral	1																
(✧ω✧)	0	0	0	0	0	0	0		0.0	10	9	1	0	0	0	0	HP	0.9	0	0	0	0	0	0	0		0.0	0	0	0	0	0	0	0		0.0	0	0	0	0	0	0	0		0.0	0	0	0	0	0	0	0		0.0	qwen	1																
(✧‿✧)	0	0	0	0	0	0	0		0.0	0	0	0	0	0	0	0		0.0	1	1	0	0	0	0	0	HP	1.0	0	0	0	0	0	0	0		0.0	0	0	0	0	0	0	0		0.0	0	0	0	0	0	0	0		0.0	ministral	1																
(✧・̮・)	0	0	0	0	0	0	0		0.0	0	0	0	0	0	0	0		0.0	1	0	0	0	0	1	0	LN	1.0	0	0	0	0	0	0	0		0.0	0	0	0	0	0	0	0		0.0	0	0	0	0	0	0	0		0.0	ministral	1																
(✧・ω・✧)	0	0	0	0	0	0	0		0.0	0	0	0	0	0	0	0		0.0	1	0	0	0	0	1	0	LN	1.0	0	0	0	0	0	0	0		0.0	0	0	0	0	0	0	0		0.0	0	0	0	0	0	0	0		0.0	ministral	1																
(✧︎️✧)	0	0	0	0	0	0	0		0.0	0	0	0	0	0	0	0		0.0	1	0	0	0	0	1	0	LN	1.0	0	0	0	0	0	0	0		0.0	0	0	0	0	0	0	0		0.0	0	0	0	0	0	0	0		0.0	ministral	1																
(✧️)	0	0	0	0	0	0	0		0.0	0	0	0	0	0	0	0		0.0	1	0	0	0	0	1	0	LN	1.0	0	0	0	0	0	0	0		0.0	0	0	0	0	0	0	0		0.0	0	0	0	0	0	0	0		0.0	ministral	1																
(✨)	0	0	0	0	0	0	0		0.0	0	0	0	0	0	0	0		0.0	7	1	3	0	0	0	3	LP	0.4286	0	0	0	0	0	0	0		0.0	0	0	0	0	0	0	0		0.0	0	0	0	0	0	0	0		0.0	ministral	1																
(✿´◜౪◝`✿)	0	0	0	0	0	0	0		0.0	0	0	0	0	0	0	0		0.0	0	0	0	0	0	0	0		0.0	1	0	1	0	0	0	0	LP	1.0	0	0	0	0	0	0	0		0.0	0	0	0	0	0	0	0		0.0	gpt_oss_20b	1																
(✿´◜‿◝`✿)	0	0	0	0	0	0	0		0.0	0	0	0	0	0	0	0		0.0	0	0	0	0	0	0	0		0.0	1	1	0	0	0	0	0	HP	1.0	0	0	0	0	0	0	0		0.0	0	0	0	0	0	0	0		0.0	gpt_oss_20b	1																
(✿‾‾)	0	0	0	0	0	0	0		0.0	0	0	0	0	0	0	0		0.0	0	0	0	0	0	0	0		0.0	1	1	0	0	0	0	0	HP	1.0	0	0	0	0	0	0	0		0.0	0	0	0	0	0	0	0		0.0	gpt_oss_20b	1																
(✿‿❀)	0	0	0	0	0	0	0		0.0	0	0	0	0	0	0	0		0.0	0	0	0	0	0	0	0		0.0	3	3	0	0	0	0	0	HP	1.0	0	0	0	0	0	0	0		0.0	0	0	0	0	0	0	0		0.0	gpt_oss_20b	1																
(✿‿❥)	0	0	0	0	0	0	0		0.0	0	0	0	0	0	0	0		0.0	0	0	0	0	0	0	0		0.0	1	1	0	0	0	0	0	HP	1.0	0	0	0	0	0	0	0		0.0	0	0	0	0	0	0	0		0.0	gpt_oss_20b	1																
(✿╹‿╹)	0	0	0	0	0	0	0		0.0	0	0	0	0	0	0	0		0.0	0	0	0	0	0	0	0		0.0	18	2	6	1	1	1	7	NB	0.3889	0	0	0	0	0	0	0		0.0	0	0	0	0	0	0	0		0.0	gpt_oss_20b	1																
(✿◕‿◕)	0	0	0	0	0	0	0		0.0	0	0	0	0	0	0	0		0.0	0	0	0	0	0	0	0		0.0	4	2	0	0	0	1	1	HP	0.5	0	0	0	0	0	0	0		0.0	1	0	1	0	0	0	0	LP	1.0	gpt_oss_20b,claude	2															0.6931	
(✿◕‿◕✿)	0	0	0	0	0	0	0		0.0	0	0	0	0	0	0	0		0.0	0	0	0	0	0	0	0		0.0	3	0	2	0	0	0	1	LP	0.6667	0	0	0	0	0	0	0		0.0	0	0	0	0	0	0	0		0.0	gpt_oss_20b	1																
(✿◠‿◠)	29	4	19	0	0	0	6	LP	0.6552	8	1	7	0	0	0	0	LP	0.875	0	0	0	0	0	0	0		0.0	61	28	16	0	2	4	11	HP	0.459	0	0	0	0	0	0	0		0.0	0	0	0	0	0	0	0		0.0	gemma,qwen,gpt_oss_20b	3		0.0798		0.1235				0.2344								
(✿◠‿�	0	0	0	0	0	0	0		0.0	1	0	0	0	0	0	1	NB	1.0	0	0	0	0	0	0	0		0.0	0	0	0	0	0	0	0		0.0	0	0	0	0	0	0	0		0.0	0	0	0	0	0	0	0		0.0	qwen	1																
(❀‿❀)	0	0	0	0	0	0	0		0.0	0	0	0	0	0	0	0		0.0	0	0	0	0	0	0	0		0.0	1	0	1	0	0	0	0	LP	1.0	0	0	0	0	0	0	0		0.0	0	0	0	0	0	0	0		0.0	gpt_oss_20b	1																
(❁´‿`❁)	0	0	0	0	0	0	0		0.0	1	0	1	0	0	0	0	LP	1.0	0	0	0	0	0	0	0		0.0	0	0	0	0	0	0	0		0.0	0	0	0	0	0	0	0		0.0	0	0	0	0	0	0	0		0.0	qwen	1																
(❄️)	0	0	0	0	0	0	0		0.0	0	0	0	0	0	0	0		0.0	2	0	2	0	0	0	0	LP	1.0	0	0	0	0	0	0	0		0.0	0	0	0	0	0	0	0		0.0	0	0	0	0	0	0	0		0.0	ministral	1																
(❤️)	0	0	0	0	0	0	0		0.0	0	0	0	0	0	0	0		0.0	5	0	0	0	1	4	0	LN	0.8	0	0	0	0	0	0	0		0.0	0	0	0	0	0	0	0		0.0	0	0	0	0	0	0	0		0.0	ministral	1																
"(⸜�//
⸝̫⸝)"	0	0	0	0	0	0	0		0.0	0	0	0	0	0	0	0		0.0	0	0	0	0	0	0	0		0.0	0	0	0	0	0	0	0		0.0	1	0	0	0	0	1	0	LN	1.0	0	0	0	0	0	0	0		0.0	granite	1																
(　´∀`)	0	0	0	0	0	0	0		0.0	0	0	0	0	0	0	0		0.0	0	0	0	0	0	0	0		0.0	2	0	0	2	0	0	0	HN-D	1.0	0	0	0	0	0	0	0		0.0	0	0	0	0	0	0	0		0.0	gpt_oss_20b	1																
(　´∀`　)	0	0	0	0	0	0	0		0.0	0	0	0	0	0	0	0		0.0	0	0	0	0	0	0	0		0.0	3	0	0	0	2	1	0	HN-S	0.6667	0	0	0	0	0	0	0		0.0	0	0	0	0	0	0	0		0.0	gpt_oss_20b	1																
(〃¬‿¬〃)	0	0	0	0	0	0	0		0.0	0	0	0	0	0	0	0		0.0	0	0	0	0	0	0	0		0.0	1	0	0	0	0	1	0	LN	1.0	0	0	0	0	0	0	0		0.0	0	0	0	0	0	0	0		0.0	gpt_oss_20b	1																
(〃°ω°〃)	0	0	0	0	0	0	0		0.0	0	0	0	0	0	0	0		0.0	0	0	0	0	0	0	0		0.0	1	0	1	0	0	0	0	LP	1.0	0	0	0	0	0	0	0		0.0	0	0	0	0	0	0	0		0.0	gpt_oss_20b	1																
(〃´ω`〃)	0	0	0	0	0	0	0		0.0	0	0	0	0	0	0	0		0.0	0	0	0	0	0	0	0		0.0	1	0	1	0	0	0	0	LP	1.0	0	0	0	0	0	0	0		0.0	0	0	0	0	0	0	0		0.0	gpt_oss_20b	1																
(〃´д`)	0	0	0	0	0	0	0		0.0	0	0	0	0	0	0	0		0.0	0	0	0	0	0	0	0		0.0	1	0	0	0	0	1	0	LN	1.0	0	0	0	0	0	0	0		0.0	0	0	0	0	0	0	0		0.0	gpt_oss_20b	1																
(〃∇〃)	0	0	0	0	0	0	0		0.0	0	0	0	0	0	0	0		0.0	0	0	0	0	0	0	0		0.0	1	0	0	0	0	1	0	LN	1.0	0	0	0	0	0	0	0		0.0	0	0	0	0	0	0	0		0.0	gpt_oss_20b	1																
(〃▽〃)	0	0	0	0	0	0	0		0.0	0	0	0	0	0	0	0		0.0	0	0	0	0	0	0	0		0.0	1	0	0	0	0	1	0	LN	1.0	0	0	0	0	0	0	0		0.0	0	0	0	0	0	0	0		0.0	gpt_oss_20b	1																
(〃▿〃)	0	0	0	0	0	0	0		0.0	0	0	0	0	0	0	0		0.0	0	0	0	0	0	0	0		0.0	1	0	0	0	0	0	1	NB	1.0	0	0	0	0	0	0	0		0.0	0	0	0	0	0	0	0		0.0	gpt_oss_20b	1																
(〃＾▽＾〃)	0	0	0	0	0	0	0		0.0	0	0	0	0	0	0	0		0.0	0	0	0	0	0	0	0		0.0	1	0	0	0	0	0	1	NB	1.0	0	0	0	0	0	0	0		0.0	0	0	0	0	0	0	0		0.0	gpt_oss_20b	1																
(〃ﾟ3ﾟ〃)	0	0	0	0	0	0	0		0.0	0	0	0	0	0	0	0		0.0	0	0	0	0	0	0	0		0.0	3	0	0	1	1	1	0	HN-D	0.3333	0	0	0	0	0	0	0		0.0	0	0	0	0	0	0	0		0.0	gpt_oss_20b	1																
(〃￣ω￣〃)	0	0	0	0	0	0	0		0.0	0	0	0	0	0	0	0		0.0	0	0	0	0	0	0	0		0.0	1	0	1	0	0	0	0	LP	1.0	0	0	0	0	0	0	0		0.0	0	0	0	0	0	0	0		0.0	gpt_oss_20b	1																
(つ≧▽≦)	3	3	0	0	0	0	0	HP	1.0	0	0	0	0	0	0	0		0.0	0	0	0	0	0	0	0		0.0	0	0	0	0	0	0	0		0.0	0	0	0	0	0	0	0		0.0	0	0	0	0	0	0	0		0.0	gemma	1																
(つ◕o◕)	0	0	0	0	0	0	0		0.0	0	0	0	0	0	0	0		0.0	0	0	0	0	0	0	0		0.0	1	0	0	0	0	1	0	LN	1.0	0	0	0	0	0	0	0		0.0	0	0	0	0	0	0	0		0.0	gpt_oss_20b	1																
(づ｡◕‿‿◕｡)	1	1	0	0	0	0	0	HP	1.0	0	0	0	0	0	0	0		0.0	0	0	0	0	0	0	0		0.0	0	0	0	0	0	0	0		0.0	0	0	0	0	0	0	0		0.0	0	0	0	0	0	0	0		0.0	gemma	1																
(ノ◕ヮ◕)	0	0	0	0	0	0	0		0.0	0	0	0	0	0	0	0		0.0	0	0	0	0	0	0	0		0.0	0	0	0	0	0	0	0		0.0	0	0	0	0	0	0	0		0.0	4	4	0	0	0	0	0	HP	1.0	claude	1																
(・_・)	8	0	0	0	0	0	8	NB	1.0	6	0	0	0	0	0	6	NB	1.0	3	0	0	0	1	0	2	NB	0.6667	51	4	2	10	11	16	8	LN	0.3137	0	0	0	0	0	0	0		0.0	1	0	0	0	0	0	1	NB	1.0	gemma,qwen,ministral,gpt_oss_20b,claude	5		0.0	0.1323	0.4636		0.0	0.1323	0.4636		0.0	0.3087		0.1323		0.4636	
(・_・;)	0	0	0	0	0	0	0		0.0	19	0	0	0	8	1	10	NB	0.5263	0	0	0	0	0	0	0		0.0	0	0	0	0	0	0	0		0.0	1	0	0	0	0	1	0	LN	1.0	2	0	0	0	0	0	2	NB	1.0	qwen,granite,claude	3									0.5887	0.2015						0.6931
(・_・;?)	0	0	0	0	0	0	0		0.0	1	0	0	0	1	0	0	HN-S	1.0	0	0	0	0	0	0	0		0.0	0	0	0	0	0	0	0		0.0	0	0	0	0	0	0	0		0.0	0	0	0	0	0	0	0		0.0	qwen	1																
(・_・?)	0	0	0	0	0	0	0		0.0	1	0	0	0	0	0	1	NB	1.0	0	0	0	0	0	0	0		0.0	0	0	0	0	0	0	0		0.0	0	0	0	0	0	0	0		0.0	0	0	0	0	0	0	0		0.0	qwen	1																
(・_・ヾ	0	0	0	0	0	0	0		0.0	3	0	0	0	1	0	2	NB	0.6667	0	0	0	0	0	0	0		0.0	0	0	0	0	0	0	0		0.0	0	0	0	0	0	0	0		0.0	0	0	0	0	0	0	0		0.0	qwen	1																
(・`ω´・)	0	0	0	0	0	0	0		0.0	0	0	0	0	0	0	0		0.0	0	0	0	0	0	0	0		0.0	0	0	0	0	0	0	0		0.0	1	0	0	0	0	0	1	NB	1.0	0	0	0	0	0	0	0		0.0	granite	1																
(・̀ω・́)	7	0	0	0	0	0	7	NB	1.0	5	0	0	0	1	0	4	NB	0.8	0	0	0	0	0	0	0		0.0	22	2	3	2	4	4	7	NB	0.3182	0	0	0	0	0	0	0		0.0	0	0	0	0	0	0	0		0.0	gemma,qwen,gpt_oss_20b	3		0.0749		0.3289				0.2271								
(・̀‿・́)	0	0	0	0	0	0	0		0.0	9	0	0	0	0	0	9	NB	1.0	19	2	5	2	5	2	3	LP	0.2632	41	8	6	11	5	5	6	HN-D	0.2683	0	0	0	0	0	0	0		0.0	0	0	0	0	0	0	0		0.0	qwen,ministral,gpt_oss_20b	3							0.4625	0.4742			0.0473					
(・̀ㅁ・́)	0	0	0	0	0	0	0		0.0	0	0	0	0	0	0	0		0.0	0	0	0	0	0	0	0		0.0	1	0	0	1	0	0	0	HN-D	1.0	0	0	0	0	0	0	0		0.0	0	0	0	0	0	0	0		0.0	gpt_oss_20b	1																
(・ω・)	0	0	0	0	0	0	0		0.0	6	0	1	0	0	0	5	NB	0.8333	0	0	0	0	0	0	0		0.0	0	0	0	0	0	0	0		0.0	0	0	0	0	0	0	0		0.0	2	0	0	0	0	0	2	NB	1.0	qwen,claude	2										0.0616						
(・ω・;)	0	0	0	0	0	0	0		0.0	1	0	0	0	1	0	0	HN-S	1.0	0	0	0	0	0	0	0		0.0	0	0	0	0	0	0	0		0.0	0	0	0	0	0	0	0		0.0	0	0	0	0	0	0	0		0.0	qwen	1																
(・ω・?)	0	0	0	0	0	0	0		0.0	0	0	0	0	0	0	0		0.0	0	0	0	0	0	0	0		0.0	0	0	0	0	0	0	0		0.0	0	0	0	0	0	0	0		0.0	1	0	0	0	0	0	1	NB	1.0	claude	1																
(・ω・`)	0	0	0	0	0	0	0		0.0	0	0	0	0	0	0	0		0.0	0	0	0	0	0	0	0		0.0	0	0	0	0	0	0	0		0.0	1	1	0	0	0	0	0	HP	1.0	0	0	0	0	0	0	0		0.0	granite	1																
(・ω・`)ゝo☆	0	0	0	0	0	0	0		0.0	0	0	0	0	0	0	0		0.0	0	0	0	0	0	0	0		0.0	0	0	0	0	0	0	0		0.0	1	1	0	0	0	0	0	HP	1.0	0	0	0	0	0	0	0		0.0	granite	1																
(・ө・)	2	0	0	0	0	0	2	NB	1.0	0	0	0	0	0	0	0		0.0	0	0	0	0	0	0	0		0.0	0	0	0	0	0	0	0		0.0	0	0	0	0	0	0	0		0.0	0	0	0	0	0	0	0		0.0	gemma	1																
(・‿・)	0	0	0	0	0	0	0		0.0	3	0	1	0	0	0	2	NB	0.6667	0	0	0	0	0	0	0		0.0	20	0	8	0	0	0	12	NB	0.6	0	0	0	0	0	0	0		0.0	0	0	0	0	0	0	0		0.0	qwen,gpt_oss_20b	2								0.0024								
(・∀・)	0	0	0	0	0	0	0		0.0	13	0	0	0	0	0	13	NB	1.0	0	0	0	0	0	0	0		0.0	0	0	0	0	0	0	0		0.0	0	0	0	0	0	0	0		0.0	0	0	0	0	0	0	0		0.0	qwen	1																
(・▽・)	0	0	0	0	0	0	0		0.0	0	0	0	0	0	0	0		0.0	0	0	0	0	0	0	0		0.0	0	0	0	0	0	0	0		0.0	1	1	0	0	0	0	0	HP	1.0	0	0	0	0	0	0	0		0.0	granite	1																
(・・;ノ)	0	0	0	0	0	0	0		0.0	1	0	0	1	0	0	0	HN-D	1.0	0	0	0	0	0	0	0		0.0	0	0	0	0	0	0	0		0.0	0	0	0	0	0	0	0		0.0	0	0	0	0	0	0	0		0.0	qwen	1																
(人*´∀`)	1	1	0	0	0	0	0	HP	1.0	0	0	0	0	0	0	0		0.0	0	0	0	0	0	0	0		0.0	0	0	0	0	0	0	0		0.0	0	0	0	0	0	0	0		0.0	0	0	0	0	0	0	0		0.0	gemma	1																
(人*´∇	0	0	0	0	0	0	0		0.0	2	0	1	0	0	0	1	LP	0.5	0	0	0	0	0	0	0		0.0	0	0	0	0	0	0	0		0.0	0	0	0	0	0	0	0		0.0	0	0	0	0	0	0	0		0.0	qwen	1																
(ꈍ‿ꈍ✨)	0	0	0	0	0	0	0		0.0	1	1	0	0	0	0	0	HP	1.0	0	0	0	0	0	0	0		0.0	0	0	0	0	0	0	0		0.0	0	0	0	0	0	0	0		0.0	0	0	0	0	0	0	0		0.0	qwen	1																
(ꈍ‿ꈍ�	0	0	0	0	0	0	0		0.0	1	0	0	1	0	0	0	HN-D	1.0	0	0	0	0	0	0	0		0.0	0	0	0	0	0	0	0		0.0	0	0	0	0	0	0	0		0.0	0	0	0	0	0	0	0		0.0	qwen	1																
(꒪_꒪ׅ)	0	0	0	0	0	0	0		0.0	1	0	0	1	0	0	0	HN-D	1.0	0	0	0	0	0	0	0		0.0	0	0	0	0	0	0	0		0.0	0	0	0	0	0	0	0		0.0	0	0	0	0	0	0	0		0.0	qwen	1																
(꒪_꒪✿)	0	0	0	0	0	0	0		0.0	1	0	0	1	0	0	0	HN-D	1.0	0	0	0	0	0	0	0		0.0	0	0	0	0	0	0	0		0.0	0	0	0	0	0	0	0		0.0	0	0	0	0	0	0	0		0.0	qwen	1																
(꒪ヮ꒪)	0	0	0	0	0	0	0		0.0	1	1	0	0	0	0	0	HP	1.0	0	0	0	0	0	0	0		0.0	0	0	0	0	0	0	0		0.0	0	0	0	0	0	0	0		0.0	0	0	0	0	0	0	0		0.0	qwen	1																
(꒪ꇴ꒪)	0	0	0	0	0	0	0		0.0	3	0	0	1	2	0	0	HN-S	0.6667	0	0	0	0	0	0	0		0.0	0	0	0	0	0	0	0		0.0	0	0	0	0	0	0	0		0.0	0	0	0	0	0	0	0		0.0	qwen	1																
(꒪꒫	0	0	0	0	0	0	0		0.0	1	1	0	0	0	0	0	HP	1.0	0	0	0	0	0	0	0		0.0	0	0	0	0	0	0	0		0.0	0	0	0	0	0	0	0		0.0	0	0	0	0	0	0	0		0.0	qwen	1																
(️)	0	0	0	0	0	0	0		0.0	0	0	0	0	0	0	0		0.0	6	0	0	1	4	0	1	HN-S	0.6667	0	0	0	0	0	0	0		0.0	0	0	0	0	0	0	0		0.0	0	0	0	0	0	0	0		0.0	ministral	1																
(️⚠️)	0	0	0	0	0	0	0		0.0	0	0	0	0	0	0	0		0.0	1	0	0	0	1	0	0	HN-S	1.0	0	0	0	0	0	0	0		0.0	0	0	0	0	0	0	0		0.0	0	0	0	0	0	0	0		0.0	ministral	1																
(️⚰️)	0	0	0	0	0	0	0		0.0	0	0	0	0	0	0	0		0.0	1	0	0	1	0	0	0	HN-D	1.0	0	0	0	0	0	0	0		0.0	0	0	0	0	0	0	0		0.0	0	0	0	0	0	0	0		0.0	ministral	1																
(️✈️)	0	0	0	0	0	0	0		0.0	0	0	0	0	0	0	0		0.0	2	0	0	0	2	0	0	HN-S	1.0	0	0	0	0	0	0	0		0.0	0	0	0	0	0	0	0		0.0	0	0	0	0	0	0	0		0.0	ministral	1																
(️❤️)	0	0	0	0	0	0	0		0.0	0	0	0	0	0	0	0		0.0	2	0	0	1	1	0	0	HN-D	0.5	0	0	0	0	0	0	0		0.0	0	0	0	0	0	0	0		0.0	0	0	0	0	0	0	0		0.0	ministral	1																
(️️)	0	0	0	0	0	0	0		0.0	0	0	0	0	0	0	0		0.0	5	1	0	3	1	0	0	HN-D	0.6	0	0	0	0	0	0	0		0.0	0	0	0	0	0	0	0		0.0	0	0	0	0	0	0	0		0.0	ministral	1																
(️️️)	0	0	0	0	0	0	0		0.0	0	0	0	0	0	0	0		0.0	2	0	0	1	0	1	0	HN-D	0.5	0	0	0	0	0	0	0		0.0	0	0	0	0	0	0	0		0.0	0	0	0	0	0	0	0		0.0	ministral	1																
(︵・ω・)	0	0	0	0	0	0	0		0.0	0	0	0	0	0	0	0		0.0	2	0	0	0	1	1	0	HN-S	0.5	0	0	0	0	0	0	0		0.0	0	0	0	0	0	0	0		0.0	0	0	0	0	0	0	0		0.0	ministral	1																
(︵・ω・︵)	0	0	0	0	0	0	0		0.0	0	0	0	0	0	0	0		0.0	1	0	0	0	1	0	0	HN-S	1.0	0	0	0	0	0	0	0		0.0	0	0	0	0	0	0	0		0.0	0	0	0	0	0	0	0		0.0	ministral	1																
(︵︵)	0	0	0	0	0	0	0		0.0	0	0	0	0	0	0	0		0.0	3	0	0	0	2	1	0	HN-S	0.6667	0	0	0	0	0	0	0		0.0	0	0	0	0	0	0	0		0.0	0	0	0	0	0	0	0		0.0	ministral	1																
(︵︶︵)	0	0	0	0	0	0	0		0.0	0	0	0	0	0	0	0		0.0	2	0	0	0	0	2	0	LN	1.0	0	0	0	0	0	0	0		0.0	0	0	0	0	0	0	0		0.0	0	0	0	0	0	0	0		0.0	ministral	1																
(︵︿︵)	0	0	0	0	0	0	0		0.0	0	0	0	0	0	0	0		0.0	2	0	0	0	0	2	0	LN	1.0	0	0	0	0	0	0	0		0.0	0	0	0	0	0	0	0		0.0	0	0	0	0	0	0	0		0.0	ministral	1																
(︶︿︶)	0	0	0	0	0	0	0		0.0	0	0	0	0	0	0	0		0.0	2	0	0	0	0	2	0	LN	1.0	0	0	0	0	0	0	0		0.0	0	0	0	0	0	0	0		0.0	0	0	0	0	0	0	0		0.0	ministral	1																
(︾⌐‿︾)	0	0	0	0	0	0	0		0.0	0	0	0	0	0	0	0		0.0	1	0	0	1	0	0	0	HN-D	1.0	0	0	0	0	0	0	0		0.0	0	0	0	0	0	0	0		0.0	0	0	0	0	0	0	0		0.0	ministral	1																
(︿︿)	0	0	0	0	0	0	0		0.0	0	0	0	0	0	0	0		0.0	49	0	2	26	6	15	0	HN-D	0.5306	0	0	0	0	0	0	0		0.0	0	0	0	0	0	0	0		0.0	0	0	0	0	0	0	0		0.0	ministral	1																
(﹏-)	2	0	0	0	2	0	0	HN-S	1.0	0	0	0	0	0	0	0		0.0	0	0	0	0	0	0	0		0.0	0	0	0	0	0	0	0		0.0	0	0	0	0	0	0	0		0.0	0	0	0	0	0	0	0		0.0	gemma	1																
(＾3＾)	0	0	0	0	0	0	0		0.0	0	0	0	0	0	0	0		0.0	0	0	0	0	0	0	0		0.0	1	0	1	0	0	0	0	LP	1.0	0	0	0	0	0	0	0		0.0	0	0	0	0	0	0	0		0.0	gpt_oss_20b	1																
(＾_＾)	0	0	0	0	0	0	0		0.0	0	0	0	0	0	0	0		0.0	0	0	0	0	0	0	0		0.0	1	0	1	0	0	0	0	LP	1.0	0	0	0	0	0	0	0		0.0	0	0	0	0	0	0	0		0.0	gpt_oss_20b	1																
(＾‿＾)	0	0	0	0	0	0	0		0.0	0	0	0	0	0	0	0		0.0	0	0	0	0	0	0	0		0.0	34	10	7	0	3	2	12	NB	0.3529	0	0	0	0	0	0	0		0.0	0	0	0	0	0	0	0		0.0	gpt_oss_20b	1																
(＾∇＾)	0	0	0	0	0	0	0		0.0	0	0	0	0	0	0	0		0.0	0	0	0	0	0	0	0		0.0	1	0	1	0	0	0	0	LP	1.0	0	0	0	0	0	0	0		0.0	0	0	0	0	0	0	0		0.0	gpt_oss_20b	1																
(＾▽＾)	0	0	0	0	0	0	0		0.0	0	0	0	0	0	0	0		0.0	0	0	0	0	0	0	0		0.0	3	0	2	0	0	0	1	LP	0.6667	0	0	0	0	0	0	0		0.0	1	0	0	0	0	0	1	NB	1.0	gpt_oss_20b,claude	2															0.3183	
(＾ｪ＾)	0	0	0	0	0	0	0		0.0	0	0	0	0	0	0	0		0.0	0	0	0	0	0	0	0		0.0	0	0	0	0	0	0	0		0.0	1	0	1	0	0	0	0	LP	1.0	0	0	0	0	0	0	0		0.0	granite	1																
(ｏ❁・‿・❁)�	0	0	0	0	0	0	0		0.0	0	0	0	0	0	0	0		0.0	0	0	0	0	0	0	0		0.0	0	0	0	0	0	0	0		0.0	1	1	0	0	0	0	0	HP	1.0	0	0	0	0	0	0	0		0.0	granite	1																
(ｏ・ω・)	0	0	0	0	0	0	0		0.0	0	0	0	0	0	0	0		0.0	0	0	0	0	0	0	0		0.0	0	0	0	0	0	0	0		0.0	3	1	1	0	0	0	1	HP	0.3333	0	0	0	0	0	0	0		0.0	granite	1																
(ｏ・ω・)ﾉﾞ	0	0	0	0	0	0	0		0.0	0	0	0	0	0	0	0		0.0	0	0	0	0	0	0	0		0.0	0	0	0	0	0	0	0		0.0	1	1	0	0	0	0	0	HP	1.0	0	0	0	0	0	0	0		0.0	granite	1																
(｡-ω-)	0	0	0	0	0	0	0		0.0	0	0	0	0	0	0	0		0.0	0	0	0	0	0	0	0		0.0	0	0	0	0	0	0	0		0.0	0	0	0	0	0	0	0		0.0	1	0	1	0	0	0	0	LP	1.0	claude	1																
(｡-∀-)	0	0	0	0	0	0	0		0.0	0	0	0	0	0	0	0		0.0	0	0	0	0	0	0	0		0.0	0	0	0	0	0	0	0		0.0	3	0	0	0	1	2	0	LN	0.6667	0	0	0	0	0	0	0		0.0	granite	1																
(｡>﹏<｡)	5	0	0	0	5	0	0	HN-S	1.0	0	0	0	0	0	0	0		0.0	0	0	0	0	0	0	0		0.0	0	0	0	0	0	0	0		0.0	0	0	0	0	0	0	0		0.0	0	0	0	0	0	0	0		0.0	gemma	1																
(｡´▽`｡)	1	0	1	0	0	0	0	LP	1.0	0	0	0	0	0	0	0		0.0	0	0	0	0	0	0	0		0.0	0	0	0	0	0	0	0		0.0	0	0	0	0	0	0	0		0.0	0	0	0	0	0	0	0		0.0	gemma	1																
(｡˃ᆺ˂｡)	2	2	0	0	0	0	0	HP	1.0	0	0	0	0	0	0	0		0.0	0	0	0	0	0	0	0		0.0	0	0	0	0	0	0	0		0.0	0	0	0	0	0	0	0		0.0	0	0	0	0	0	0	0		0.0	gemma	1																
(｡˃‿˂)	9	9	0	0	0	0	0	HP	1.0	0	0	0	0	0	0	0		0.0	0	0	0	0	0	0	0		0.0	0	0	0	0	0	0	0		0.0	0	0	0	0	0	0	0		0.0	1	0	1	0	0	0	0	LP	1.0	gemma,claude	2						0.6931										
(｡˃‿˂｡)	1	1	0	0	0	0	0	HP	1.0	0	0	0	0	0	0	0		0.0	0	0	0	0	0	0	0		0.0	0	0	0	0	0	0	0		0.0	0	0	0	0	0	0	0		0.0	0	0	0	0	0	0	0		0.0	gemma	1																
(｡˘-˘｡)	0	0	0	0	0	0	0		0.0	0	0	0	0	0	0	0		0.0	0	0	0	0	0	0	0		0.0	0	0	0	0	0	0	0		0.0	0	0	0	0	0	0	0		0.0	1	0	1	0	0	0	0	LP	1.0	claude	1																
(｡‿‿‿｡)	17	0	17	0	0	0	0	LP	1.0	0	0	0	0	0	0	0		0.0	0	0	0	0	0	0	0		0.0	0	0	0	0	0	0	0		0.0	0	0	0	0	0	0	0		0.0	0	0	0	0	0	0	0		0.0	gemma	1																
(｡╯︵╰｡)	39	0	0	0	0	39	0	LN	1.0	0	0	0	0	0	0	0		0.0	0	0	0	0	0	0	0		0.0	0	0	0	0	0	0	0		0.0	0	0	0	0	0	0	0		0.0	0	0	0	0	0	0	0		0.0	gemma	1																
(｡◕‿◕｡)	80	0	8	0	0	0	72	NB	0.9	0	0	0	0	0	0	0		0.0	0	0	0	0	0	0	0		0.0	0	0	0	0	0	0	0		0.0	0	0	0	0	0	0	0		0.0	3	0	1	0	0	0	2	NB	0.6667	gemma,claude	2						0.0419										
(｡♥‿♥｡)	48	5	41	0	0	0	2	LP	0.8542	5	0	5	0	0	0	0	LP	1.0	0	0	0	0	0	0	0		0.0	0	0	0	0	0	0	0		0.0	0	0	0	0	0	0	0		0.0	2	0	2	0	0	0	0	LP	1.0	gemma,qwen,claude	3		0.0534				0.0534				0.0						
(｡・ˇ‸ˇ・｡)	2	0	0	2	0	0	0	HN-D	1.0	0	0	0	0	0	0	0		0.0	0	0	0	0	0	0	0		0.0	0	0	0	0	0	0	0		0.0	1	0	0	0	0	1	0	LN	1.0	0	0	0	0	0	0	0		0.0	gemma,granite	2					0.6931											
(｡・̀‿-)	18	0	0	0	0	0	18	NB	1.0	1	0	1	0	0	0	0	LP	1.0	0	0	0	0	0	0	0		0.0	0	0	0	0	0	0	0		0.0	0	0	0	0	0	0	0		0.0	2	0	0	0	0	0	2	NB	1.0	gemma,qwen,claude	3		0.6931				0.0				0.6931						
(｡・́‿・̀｡)	5	0	0	0	2	3	0	LN	0.6	0	0	0	0	0	0	0		0.0	0	0	0	0	0	0	0		0.0	0	0	0	0	0	0	0		0.0	0	0	0	0	0	0	0		0.0	0	0	0	0	0	0	0		0.0	gemma	1																
(｡・́︵・̀｡)	0	0	0	0	0	0	0		0.0	0	0	0	0	0	0	0		0.0	1	0	0	0	0	1	0	LN	1.0	0	0	0	0	0	0	0		0.0	0	0	0	0	0	0	0		0.0	0	0	0	0	0	0	0		0.0	ministral	1																
(｡・́︿・̀｡)	153	0	0	8	47	98	0	LN	0.6405	29	1	0	0	7	20	1	LN	0.6897	15	3	4	1	1	2	4	LP	0.2667	0	0	0	0	0	0	0		0.0	3	0	0	0	0	3	0	LN	1.0	6	0	0	0	4	1	1	HN-S	0.6667	gemma,qwen,ministral,granite,claude	5		0.0445	0.3869		0.1444	0.1841	0.3279		0.1219	0.1731		0.4879	0.334			0.4539
(｡・ω・｡)	3	0	3	0	0	0	0	LP	1.0	3	0	3	0	0	0	0	LP	1.0	0	0	0	0	0	0	0		0.0	0	0	0	0	0	0	0		0.0	2	0	0	0	1	0	1	HN-S	0.5	6	0	3	0	0	0	3	LP	0.5	gemma,qwen,granite,claude	4		0.0			0.6931	0.2158			0.6931	0.2158						0.3466
(｡・‿・｡)	0	0	0	0	0	0	0		0.0	0	0	0	0	0	0	0		0.0	0	0	0	0	0	0	0		0.0	0	0	0	0	0	0	0		0.0	1	0	0	0	0	1	0	LN	1.0	1	0	1	0	0	0	0	LP	1.0	granite,claude	2																0.6931
(｡・∀・)｡'	0	0	0	0	0	0	0		0.0	0	0	0	0	0	0	0		0.0	0	0	0	0	0	0	0		0.0	0	0	0	0	0	0	0		0.0	1	0	0	0	0	1	0	LN	1.0	0	0	0	0	0	0	0		0.0	granite	1																
(｡・∀・)ﾉﾞ	0	0	0	0	0	0	0		0.0	0	0	0	0	0	0	0		0.0	0	0	0	0	0	0	0		0.0	0	0	0	0	0	0	0		0.0	2	0	0	0	0	1	1	LN	0.5	0	0	0	0	0	0	0		0.0	granite	1																
(｡・ㅅ・｡)	3	0	2	0	1	0	0	LP	0.6667	0	0	0	0	0	0	0		0.0	0	0	0	0	0	0	0		0.0	0	0	0	0	0	0	0		0.0	0	0	0	0	0	0	0		0.0	0	0	0	0	0	0	0		0.0	gemma	1																
(ﾉ>ω<)	0	0	0	0	0	0	0		0.0	34	32	1	0	0	0	1	HP	0.9412	0	0	0	0	0	0	0		0.0	0	0	0	0	0	0	0		0.0	0	0	0	0	0	0	0		0.0	0	0	0	0	0	0	0		0.0	qwen	1																
(ﾉ^_^)	0	0	0	0	0	0	0		0.0	0	0	0	0	0	0	0		0.0	0	0	0	0	0	0	0		0.0	0	0	0	0	0	0	0		0.0	1	0	1	0	0	0	0	LP	1.0	0	0	0	0	0	0	0		0.0	granite	1																
(ﾉ´-`ﾉ)	0	0	0	0	0	0	0		0.0	0	0	0	0	0	0	0		0.0	1	0	0	1	0	0	0	HN-D	1.0	0	0	0	0	0	0	0		0.0	0	0	0	0	0	0	0		0.0	0	0	0	0	0	0	0		0.0	ministral	1																
(ﾉ´_´)	0	0	0	0	0	0	0		0.0	0	0	0	0	0	0	0		0.0	2	0	0	0	0	2	0	LN	1.0	0	0	0	0	0	0	0		0.0	0	0	0	0	0	0	0		0.0	0	0	0	0	0	0	0		0.0	ministral	1																
(ﾉ´ω`ﾉ)	0	0	0	0	0	0	0		0.0	0	0	0	0	0	0	0		0.0	4	0	0	3	1	0	0	HN-D	0.75	0	0	0	0	0	0	0		0.0	0	0	0	0	0	0	0		0.0	0	0	0	0	0	0	0		0.0	ministral	1																
(ﾉ´з`)	0	0	0	0	0	0	0		0.0	1	1	0	0	0	0	0	HP	1.0	0	0	0	0	0	0	0		0.0	0	0	0	0	0	0	0		0.0	0	0	0	0	0	0	0		0.0	0	0	0	0	0	0	0		0.0	qwen	1																
(ﾉ´・ω・)	0	0	0	0	0	0	0		0.0	0	0	0	0	0	0	0		0.0	3	0	0	0	1	2	0	LN	0.6667	0	0	0	0	0	0	0		0.0	0	0	0	0	0	0	0		0.0	0	0	0	0	0	0	0		0.0	ministral	1																
(ﾉ´・ω・`)	0	0	0	0	0	0	0		0.0	0	0	0	0	0	0	0		0.0	22	0	0	14	8	0	0	HN-D	0.6364	0	0	0	0	0	0	0		0.0	0	0	0	0	0	0	0		0.0	0	0	0	0	0	0	0		0.0	ministral	1																
(ﾉ´ﾉ)	0	0	0	0	0	0	0		0.0	0	0	0	0	0	0	0		0.0	2	0	0	2	0	0	0	HN-D	1.0	0	0	0	0	0	0	0		0.0	0	0	0	0	0	0	0		0.0	0	0	0	0	0	0	0		0.0	ministral	1																
(ﾉ´ﾟдﾟ)	0	0	0	0	0	0	0		0.0	0	0	0	0	0	0	0		0.0	0	0	0	0	0	0	0		0.0	1	1	0	0	0	0	0	HP	1.0	0	0	0	0	0	0	0		0.0	0	0	0	0	0	0	0		0.0	gpt_oss_20b	1																
(ﾉ≧▽≦�	0	0	0	0	0	0	0		0.0	1	1	0	0	0	0	0	HP	1.0	0	0	0	0	0	0	0		0.0	0	0	0	0	0	0	0		0.0	0	0	0	0	0	0	0		0.0	0	0	0	0	0	0	0		0.0	qwen	1																
(ﾉ◕‿◕	0	0	0	0	0	0	0		0.0	1	0	0	0	1	0	0	HN-S	1.0	0	0	0	0	0	0	0		0.0	0	0	0	0	0	0	0		0.0	0	0	0	0	0	0	0		0.0	0	0	0	0	0	0	0		0.0	qwen	1																
(ﾉ◕ヮ◕	0	0	0	0	0	0	0		0.0	2	2	0	0	0	0	0	HP	1.0	0	0	0	0	0	0	0		0.0	0	0	0	0	0	0	0		0.0	0	0	0	0	0	0	0		0.0	0	0	0	0	0	0	0		0.0	qwen	1																
(ﾉ◕ヮ◕)	22	22	0	0	0	0	0	HP	1.0	42	40	1	0	0	0	1	HP	0.9524	337	102	35	67	50	41	42	HP	0.3027	5	5	0	0	0	0	0	HP	1.0	0	0	0	0	0	0	0		0.0	1	1	0	0	0	0	0	HP	1.0	gemma,qwen,ministral,gpt_oss_20b,claude	5		0.0168	0.3401	0.0		0.0	0.2831	0.0168		0.0168	0.3401		0.3401		0.0	
(ﾉﾞﾉﾟ)	0	0	0	0	0	0	0		0.0	0	0	0	0	0	0	0		0.0	1	0	0	0	1	0	0	HN-S	1.0	0	0	0	0	0	0	0		0.0	0	0	0	0	0	0	0		0.0	0	0	0	0	0	0	0		0.0	ministral	1																
(ﾟωﾟ)	0	0	0	0	0	0	0		0.0	0	0	0	0	0	0	0		0.0	0	0	0	0	0	0	0		0.0	1	0	1	0	0	0	0	LP	1.0	0	0	0	0	0	0	0		0.0	0	0	0	0	0	0	0		0.0	gpt_oss_20b	1																
(ﾟдﾟ)	1	1	0	0	0	0	0	HP	1.0	0	0	0	0	0	0	0		0.0	0	0	0	0	0	0	0		0.0	29	3	1	11	9	3	2	HN-D	0.3793	0	0	0	0	0	0	0		0.0	0	0	0	0	0	0	0		0.0	gemma,gpt_oss_20b	2				0.5215												
(ﾟ‿ﾟ)	0	0	0	0	0	0	0		0.0	0	0	0	0	0	0	0		0.0	0	0	0	0	0	0	0		0.0	3	0	2	0	0	0	1	LP	0.6667	0	0	0	0	0	0	0		0.0	0	0	0	0	0	0	0		0.0	gpt_oss_20b	1																
(ﾟ∀ﾟ)	0	0	0	0	0	0	0		0.0	0	0	0	0	0	0	0		0.0	1	0	0	0	0	1	0	LN	1.0	6	2	1	0	1	0	2	HP	0.3333	0	0	0	0	0	0	0		0.0	0	0	0	0	0	0	0		0.0	ministral,gpt_oss_20b	2											0.6931					
(ﾟ∇ﾟ)	0	0	0	0	0	0	0		0.0	0	0	0	0	0	0	0		0.0	0	0	0	0	0	0	0		0.0	0	0	0	0	0	0	0		0.0	4	4	0	0	0	0	0	HP	1.0	0	0	0	0	0	0	0		0.0	granite	1																
(ﾟ◕‿ﾟ)	0	0	0	0	0	0	0		0.0	0	0	0	0	0	0	0		0.0	0	0	0	0	0	0	0		0.0	1	0	0	0	1	0	0	HN-S	1.0	0	0	0	0	0	0	0		0.0	0	0	0	0	0	0	0		0.0	gpt_oss_20b	1																
(ﾟ☉ﾟ)	0	0	0	0	0	0	0		0.0	0	0	0	0	0	0	0		0.0	0	0	0	0	0	0	0		0.0	1	0	0	1	0	0	0	HN-D	1.0	0	0	0	0	0	0	0		0.0	0	0	0	0	0	0	0		0.0	gpt_oss_20b	1																
(ﾟヘﾟ)	0	0	0	0	0	0	0		0.0	0	0	0	0	0	0	0		0.0	0	0	0	0	0	0	0		0.0	3	0	0	1	2	0	0	HN-S	0.6667	0	0	0	0	0	0	0		0.0	0	0	0	0	0	0	0		0.0	gpt_oss_20b	1																
(ﾟヮﾟ)	0	0	0	0	0	0	0		0.0	0	0	0	0	0	0	0		0.0	0	0	0	0	0	0	0		0.0	2	1	0	1	0	0	0	HP	0.5	0	0	0	0	0	0	0		0.0	0	0	0	0	0	0	0		0.0	gpt_oss_20b	1																
(ﾟ﹏ﾟ)	0	0	0	0	0	0	0		0.0	0	0	0	0	0	0	0		0.0	0	0	0	0	0	0	0		0.0	0	0	0	0	0	0	0		0.0	3	0	0	0	0	3	0	LN	1.0	0	0	0	0	0	0	0		0.0	granite	1																
(ﾟｰﾟ)	0	0	0	0	0	0	0		0.0	0	0	0	0	0	0	0		0.0	5	0	0	0	2	3	0	LN	0.6	0	0	0	0	0	0	0		0.0	0	0	0	0	0	0	0		0.0	0	0	0	0	0	0	0		0.0	ministral	1																
(ﾟﾛﾟ)	0	0	0	0	0	0	0		0.0	0	0	0	0	0	0	0		0.0	1	0	0	0	0	1	0	LN	1.0	0	0	0	0	0	0	0		0.0	0	0	0	0	0	0	0		0.0	0	0	0	0	0	0	0		0.0	ministral	1																
(￣^￣)	0	0	0	0	0	0	0		0.0	0	0	0	0	0	0	0		0.0	3	0	3	0	0	0	0	LP	1.0	0	0	0	0	0	0	0		0.0	0	0	0	0	0	0	0		0.0	0	0	0	0	0	0	0		0.0	ministral	1																
(￣_￣)	0	0	0	0	0	0	0		0.0	0	0	0	0	0	0	0		0.0	3	0	0	2	0	1	0	HN-D	0.6667	0	0	0	0	0	0	0		0.0	0	0	0	0	0	0	0		0.0	0	0	0	0	0	0	0		0.0	ministral	1																
(￣_￣;)	0	0	0	0	0	0	0		0.0	0	0	0	0	0	0	0		0.0	5	0	0	0	5	0	0	HN-S	1.0	0	0	0	0	0	0	0		0.0	0	0	0	0	0	0	0		0.0	0	0	0	0	0	0	0		0.0	ministral	1																
(￣ε￣;)	0	0	0	0	0	0	0		0.0	0	0	0	0	0	0	0		0.0	1	0	1	0	0	0	0	LP	1.0	0	0	0	0	0	0	0		0.0	0	0	0	0	0	0	0		0.0	0	0	0	0	0	0	0		0.0	ministral	1																
(￣ω￣)	0	0	0	0	0	0	0		0.0	0	0	0	0	0	0	0		0.0	2	0	2	0	0	0	0	LP	1.0	0	0	0	0	0	0	0		0.0	0	0	0	0	0	0	0		0.0	0	0	0	0	0	0	0		0.0	ministral	1																
(￣ω￣;)	0	0	0	0	0	0	0		0.0	0	0	0	0	0	0	0		0.0	10	0	2	1	4	3	0	HN-S	0.4	0	0	0	0	0	0	0		0.0	0	0	0	0	0	0	0		0.0	0	0	0	0	0	0	0		0.0	ministral	1																
(￣∇￣)	0	0	0	0	0	0	0		0.0	0	0	0	0	0	0	0		0.0	19	0	6	0	0	1	12	NB	0.6316	0	0	0	0	0	0	0		0.0	0	0	0	0	0	0	0		0.0	0	0	0	0	0	0	0		0.0	ministral	1																
(￣∇￣;)	0	0	0	0	0	0	0		0.0	0	0	0	0	0	0	0		0.0	6	1	2	0	0	1	2	LP	0.3333	0	0	0	0	0	0	0		0.0	0	0	0	0	0	0	0		0.0	0	0	0	0	0	0	0		0.0	ministral	1																
(￣▽￣)	0	0	0	0	0	0	0		0.0	3	0	1	0	0	0	2	NB	0.6667	69	16	19	2	2	10	20	NB	0.2899	0	0	0	0	0	0	0		0.0	0	0	0	0	0	0	0		0.0	0	0	0	0	0	0	0		0.0	qwen,ministral	2							0.1902									
(￣▽￣;)	0	0	0	0	0	0	0		0.0	0	0	0	0	0	0	0		0.0	10	2	0	0	4	4	0	HN-S	0.4	0	0	0	0	0	0	0		0.0	0	0	0	0	0	0	0		0.0	0	0	0	0	0	0	0		0.0	ministral	1																
(￣︶￣)	0	0	0	0	0	0	0		0.0	0	0	0	0	0	0	0		0.0	4	0	0	1	0	2	1	LN	0.5	0	0	0	0	0	0	0		0.0	0	0	0	0	0	0	0		0.0	0	0	0	0	0	0	0		0.0	ministral	1																
(￣︿￣)	0	0	0	0	0	0	0		0.0	0	0	0	0	0	0	0		0.0	2	0	0	0	1	1	0	HN-S	0.5	0	0	0	0	0	0	0		0.0	0	0	0	0	0	0	0		0.0	0	0	0	0	0	0	0		0.0	ministral	1																
(￣﹃￣)	0	0	0	0	0	0	0		0.0	0	0	0	0	0	0	0		0.0	2	0	0	1	0	1	0	HN-D	0.5	0	0	0	0	0	0	0		0.0	0	0	0	0	0	0	0		0.0	0	0	0	0	0	0	0		0.0	ministral	1																
(￣﹏￣)	0	0	0	0	0	0	0		0.0	0	0	0	0	0	0	0		0.0	6	0	0	3	2	1	0	HN-D	0.5	0	0	0	0	0	0	0		0.0	0	0	0	0	0	0	0		0.0	0	0	0	0	0	0	0		0.0	ministral	1																
(￣￢￢)	0	0	0	0	0	0	0		0.0	0	0	0	0	0	0	0		0.0	1	0	0	0	1	0	0	HN-S	1.0	0	0	0	0	0	0	0		0.0	0	0	0	0	0	0	0		0.0	0	0	0	0	0	0	0		0.0	ministral	1																
(￣￣)	0	0	0	0	0	0	0		0.0	0	0	0	0	0	0	0		0.0	7	1	0	0	3	2	1	HN-S	0.4286	0	0	0	0	0	0	0		0.0	0	0	0	0	0	0	0		0.0	0	0	0	0	0	0	0		0.0	ministral	1																
(￣￣;✿)	0	0	0	0	0	0	0		0.0	0	0	0	0	0	0	0		0.0	1	0	0	0	1	0	0	HN-S	1.0	0	0	0	0	0	0	0		0.0	0	0	0	0	0	0	0		0.0	0	0	0	0	0	0	0		0.0	ministral	1																
(￣￣;￣￣)	0	0	0	0	0	0	0		0.0	0	0	0	0	0	0	0		0.0	1	0	0	0	0	1	0	LN	1.0	0	0	0	0	0	0	0		0.0	0	0	0	0	0	0	0		0.0	0	0	0	0	0	0	0		0.0	ministral	1																
(�sad)	0	0	0	0	0	0	0		0.0	0	0	0	0	0	0	0		0.0	0	0	0	0	0	0	0		0.0	0	0	0	0	0	0	0		0.0	1	0	0	0	0	1	0	LN	1.0	0	0	0	0	0	0	0		0.0	granite	1																
(�ó_Á⇂)	0	0	0	0	0	0	0		0.0	0	0	0	0	0	0	0		0.0	0	0	0	0	0	0	0		0.0	0	0	0	0	0	0	0		0.0	1	0	0	0	1	0	0	HN-S	1.0	0	0	0	0	0	0	0		0.0	granite	1																
(🌤️)	0	0	0	0	0	0	0		0.0	1	0	0	0	0	0	1	NB	1.0	0	0	0	0	0	0	0		0.0	0	0	0	0	0	0	0		0.0	0	0	0	0	0	0	0		0.0	0	0	0	0	0	0	0		0.0	qwen	1																
(🌤️✨🍵)	0	0	0	0	0	0	0		0.0	1	0	1	0	0	0	0	LP	1.0	0	0	0	0	0	0	0		0.0	0	0	0	0	0	0	0		0.0	0	0	0	0	0	0	0		0.0	0	0	0	0	0	0	0		0.0	qwen	1																
(🌱ω🌱)	0	0	0	0	0	0	0		0.0	1	0	1	0	0	0	0	LP	1.0	0	0	0	0	0	0	0		0.0	0	0	0	0	0	0	0		0.0	0	0	0	0	0	0	0		0.0	0	0	0	0	0	0	0		0.0	qwen	1																
(🌸´▽`🌸)	0	0	0	0	0	0	0		0.0	1	0	1	0	0	0	0	LP	1.0	0	0	0	0	0	0	0		0.0	0	0	0	0	0	0	0		0.0	0	0	0	0	0	0	0		0.0	0	0	0	0	0	0	0		0.0	qwen	1																
(🌿✨)	0	0	0	0	0	0	0		0.0	1	0	1	0	0	0	0	LP	1.0	0	0	0	0	0	0	0		0.0	0	0	0	0	0	0	0		0.0	0	0	0	0	0	0	0		0.0	0	0	0	0	0	0	0		0.0	qwen	1																
(🍋✨)	0	0	0	0	0	0	0		0.0	1	0	1	0	0	0	0	LP	1.0	0	0	0	0	0	0	0		0.0	0	0	0	0	0	0	0		0.0	0	0	0	0	0	0	0		0.0	0	0	0	0	0	0	0		0.0	qwen	1																
(🎉💃🕺)	0	0	0	0	0	0	0		0.0	1	1	0	0	0	0	0	HP	1.0	0	0	0	0	0	0	0		0.0	0	0	0	0	0	0	0		0.0	0	0	0	0	0	0	0		0.0	0	0	0	0	0	0	0		0.0	qwen	1																
(🐾`▿´🐾)	0	0	0	0	0	0	0		0.0	1	0	1	0	0	0	0	LP	1.0	0	0	0	0	0	0	0		0.0	0	0	0	0	0	0	0		0.0	0	0	0	0	0	0	0		0.0	0	0	0	0	0	0	0		0.0	qwen	1																
(👀)	0	0	0	0	0	0	0		0.0	2	0	0	0	0	0	2	NB	1.0	0	0	0	0	0	0	0		0.0	0	0	0	0	0	0	0		0.0	0	0	0	0	0	0	0		0.0	0	0	0	0	0	0	0		0.0	qwen	1																
(👀_👀)	0	0	0	0	0	0	0		0.0	1	0	0	0	0	0	1	NB	1.0	0	0	0	0	0	0	0		0.0	0	0	0	0	0	0	0		0.0	0	0	0	0	0	0	0		0.0	0	0	0	0	0	0	0		0.0	qwen	1																
(👀🎧)	0	0	0	0	0	0	0		0.0	1	0	0	0	0	0	1	NB	1.0	0	0	0	0	0	0	0		0.0	0	0	0	0	0	0	0		0.0	0	0	0	0	0	0	0		0.0	0	0	0	0	0	0	0		0.0	qwen	1																
(📚˘³˘)	0	0	0	0	0	0	0		0.0	1	0	0	0	0	0	1	NB	1.0	0	0	0	0	0	0	0		0.0	0	0	0	0	0	0	0		0.0	0	0	0	0	0	0	0		0.0	0	0	0	0	0	0	0		0.0	qwen	1																
(🔥´・ω・`)	0	0	0	0	0	0	0		0.0	1	0	1	0	0	0	0	LP	1.0	0	0	0	0	0	0	0		0.0	0	0	0	0	0	0	0		0.0	0	0	0	0	0	0	0		0.0	0	0	0	0	0	0	0		0.0	qwen	1																
(🚨)	2	0	0	0	2	0	0	HN-S	1.0	0	0	0	0	0	0	0		0.0	0	0	0	0	0	0	0		0.0	0	0	0	0	0	0	0		0.0	0	0	0	0	0	0	0		0.0	0	0	0	0	0	0	0		0.0	gemma	1																
(🛀⁎‿‿‿⁎)	1	0	1	0	0	0	0	LP	1.0	0	0	0	0	0	0	0		0.0	0	0	0	0	0	0	0		0.0	0	0	0	0	0	0	0		0.0	0	0	0	0	0	0	0		0.0	0	0	0	0	0	0	0		0.0	gemma	1																
(🛀🌿)	1	0	1	0	0	0	0	LP	1.0	0	0	0	0	0	0	0		0.0	0	0	0	0	0	0	0		0.0	0	0	0	0	0	0	0		0.0	0	0	0	0	0	0	0		0.0	0	0	0	0	0	0	0		0.0	gemma	1																
(🛁✨)	0	0	0	0	0	0	0		0.0	1	0	1	0	0	0	0	LP	1.0	0	0	0	0	0	0	0		0.0	0	0	0	0	0	0	0		0.0	0	0	0	0	0	0	0		0.0	0	0	0	0	0	0	0		0.0	qwen	1																
(🥰)	0	0	0	0	0	0	0		0.0	1	0	1	0	0	0	0	LP	1.0	0	0	0	0	0	0	0		0.0	0	0	0	0	0	0	0		0.0	0	0	0	0	0	0	0		0.0	0	0	0	0	0	0	0		0.0	qwen	1																
(🥺💧)	0	0	0	0	0	0	0		0.0	1	1	0	0	0	0	0	HP	1.0	0	0	0	0	0	0	0		0.0	0	0	0	0	0	0	0		0.0	0	0	0	0	0	0	0		0.0	0	0	0	0	0	0	0		0.0	qwen	1																
(🦷˙꒳˙)	1	0	0	0	0	0	1	NB	1.0	0	0	0	0	0	0	0		0.0	0	0	0	0	0	0	0		0.0	0	0	0	0	0	0	0		0.0	0	0	0	0	0	0	0		0.0	0	0	0	0	0	0	0		0.0	gemma	1																
(🦷‿🦷)	1	0	0	0	0	0	1	NB	1.0	0	0	0	0	0	0	0		0.0	0	0	0	0	0	0	0		0.0	0	0	0	0	0	0	0		0.0	0	0	0	0	0	0	0		0.0	0	0	0	0	0	0	0		0.0	gemma	1																
(🧶´｡・ω・)	0	0	0	0	0	0	0		0.0	1	0	1	0	0	0	0	LP	1.0	0	0	0	0	0	0	0		0.0	0	0	0	0	0	0	0		0.0	0	0	0	0	0	0	0		0.0	0	0	0	0	0	0	0		0.0	qwen	1																
