first_word	count	n_projects	sample_projects
(・̀‿・́)	240	16	Work,a9lim,a9lim.github.io
(◕_◕)	88	8	a9lim.github.io,data,faithful
(◠‿◠)	59	9	Work,a9lim.github.io,brie
(๑・̀ㅂ・́)	39	9	Work,a9lim.github.io,hylic
(✿◠‿◠)	26	10	Work,a9lim.github.io,aurora
(ง・̀_・́)	24	8	Work,a9lim.github.io,kenoma
(◕ω◕)	22	3	llmoji,llmoji-study,rlaif
(◕▽◕)	20	1	llmoji-study
(￣▽￣)	18	6	Work,a9lim.github.io,claude.ai
(⌐■_■)	14	4	Work,a9lim.github.io,llmoji
(￣ー￣)	13	4	a9lim,a9lim.github.io,llmoji
(・̀ω・́)	13	6	kenoma,llmoji,llmoji-study
(=^・ω・^=)	12	5	a9lim,a9lim.github.io,brie
(눈_눈)	11	4	kenoma,llmoji,llmoji-study
(✧ω✧)	11	5	Work,a9lim.github.io,claude.ai
(＾∇＾)	10	4	a9lim.github.io,llmoji,llmoji-study
(￣ω￣)	9	5	Work,llmoji,llmoji-study
(◕‿◕✨)	9	1	llmoji-study
(๑˃‿˂)	8	2	llmoji,saklas
(⊙_⊙)	7	4	a9lim.github.io,llmoji,llmoji-study
(￣ヘ￣;)	7	4	a9lim.github.io,llmoji-study,rlaif
(◞‸◟)	7	2	llmoji,llmoji-study
(´・‿・`)	7	2	llmoji,llmoji-study
(╭ರ_・́)	6	3	llmoji,llmoji-study,saklas
(ᵔᴥᵔ)	6	2	Work,rlaif
(￣~￣;)	6	3	kenoma,llmoji-study,saklas
(˘・_・˘)	6	3	claude.ai,llmoji-study,rlaif
(˶ᵔ‿ᵔ˶)	5	4	brie,faithful,llmoji
(ﾟ▽ﾟ)	5	4	Work,kenoma,llmoji-study
(˃‿˂)	5	3	a9lim.github.io,faithful,rlaif
(・̀ㅂ・́)	5	3	kenoma,llmoji-study,rlaif
(◜‿◝)	5	3	brie,hylic,llmoji
(´ω`	5	2	a9lim.github.io,llmoji-study
(´ー`)	4	3	claude.ai,hylic,saklas
(￣ω￣;)	4	3	hylic,llmoji-study,saklas
(งᵒ̌皿ᵒ̌)	4	2	rlaif,tasty-bot
＼(^	4	3	a9lim.github.io,geon,rlaif
(╯✧∇✧)	4	2	llmoji-study,saklas
(・́⌓・̀)	4	3	brie,llmoji-study,saklas
(◠‿◠✿)	4	3	faithful,llmoji,llmoji-study
(˶˃‿˂˶)	4	2	llmoji-study,rlaif
(>‿<)	4	1	llmoji-study
(￣^￣ゞ	4	1	llmoji-study
(˶ˆᗜˆ˵)	3	3	brie,claude.ai,rlaif
(｡◕‿‿◕｡)	3	1	shoals
(/▽＼)	3	2	llmoji-study,shoals
(・̀‿-)	3	2	llmoji,llmoji-study
(ﾉωﾉ)	3	2	kenoma,llmoji
(｡´꒳`｡)	3	2	faithful,llmoji-study
(・ω・`)	3	3	kenoma,llmoji,saklas
(°ヮ°)	3	2	kenoma,llmoji-study
(・﹏・)	3	2	Work,llmoji-study
(・ε・)	3	2	claudedriven,saklas
(◕ヮ◕)	3	3	Work,a9lim.github.io,rlaif
(｡╹ω╹｡)	3	2	brie,rlaif
(´・ω・)	3	3	a9lim,llmoji-study,rlaif
(｡・̀‿・́｡)	3	1	llmoji-study
(╹ω╹)	3	2	geon,saklas
(°□°)	3	2	shoals,tasty-bot
(҂‿_‿)	3	2	llmoji-study,verify
ʕっ・ᴥ・ʔ	3	3	Work,brie,talkie-interface
(⊙ω⊙)	3	1	llmoji-study
(ᵔ‿ᵔ)	2	1	saklas
(☞ﾟヮﾟ)	2	2	Work,saklas
(ฅ́˘ฅ̀)	2	2	llmoji,saklas
(⊙‿⊙)	2	2	Work,saklas
(・ω<)	2	2	rlaif,saklas
(´∀`;)	2	2	llmoji,llmoji-study
(>ω<)	2	2	kenoma,llmoji-study
(ง・̀ω・́)	2	2	llmoji,llmoji-study
(・	2	1	llmoji
(ง・̀ᗜ・́)	2	1	llmoji-study
(´°ω°`)	2	1	brie
(ﾟーﾟ)	2	1	llmoji
(˘︶˘)	2	1	llmoji
(=⌒‿‿⌒=)	2	1	saklas
(⊡-⊡)و	2	1	saklas
(≧ω≦)	2	1	rlaif
(	2	1	rlaif
(・́︵・̀)	2	1	saklas
(´д`;)	2	1	llmoji-study
(・̀ㅁ・́;)	2	1	saklas
(・∀・;)	2	1	llmoji-study
(◕▿◕✿)	2	1	saklas
(・‾‿‾・)	2	1	saklas
(‿͈ˬ‿͈)	2	1	llmoji-study
(;ω;)	2	1	a9lim.github.io
(୧・̀‿-)	2	1	tasty-bot
(◣_◢)	2	1	tasty-bot
(>‿◕)	2	1	llmoji-study
(>‿◕✨)	2	1	llmoji-study
(・̀⌄・́)	2	1	tasty-bot
(´;_;`)	2	1	llmoji-study
(˶◕‿◕˶)	2	1	tasty-bot
(・̅_・̅)	2	1	llmoji-study
(・̀‿・́;)	2	1	llmoji-study
(★‿★)	2	1	llmoji-study
(=^‿^=)	2	1	llmoji-study
(°_°)	2	1	llmoji-study
(・́‸・̀)	2	1	llmoji-study
(´˘`∗)	2	1	llmoji-study
✧*｡٩(ˊᗜˋ*)و✧*｡	2	1	llmoji-study
(・ｪ・)	2	1	llmoji-study
(¬_¬;)	2	1	llmoji-study
(°ㅂ°;)	2	1	llmoji-study
(`・∀・´)	2	1	llmoji-study
(;￣□￣)	2	1	llmoji-study
(°◇°;)	2	1	llmoji-study
(°﹏°)	2	1	llmoji-study
(﹒︠‿﹒︡)	2	1	Work
(・︵・)	2	1	llmoji-study
(°ㅂ°)	2	1	llmoji-study
(°◇°)	2	1	llmoji-study
(◕ω◕✿)	2	1	llmoji
(◕ω◕✨)	2	1	llmoji-study
(・̀ω・́	2	1	claude.ai
(⌐■_ω■)	1	1	saklas
(^	1	1	saklas
(⌐■‿■)	1	1	saklas
(・_・ゞ−☆	1	1	saklas
(ಠ‿ಠ)	1	1	saklas
(╭☞・́⍛・̀)	1	1	saklas
(˘▽˘)	1	1	saklas
(°△°)	1	1	saklas
(´_ゝ`)	1	1	saklas
(;一_一)	1	1	saklas
(＾・ω・＾)	1	1	saklas
(°ー°〃)	1	1	saklas
(._.)	1	1	saklas
(„・֊・„)	1	1	saklas
(´꒳`)	1	1	saklas
(ง・_・)	1	1	rlaif
(̄▽̄)	1	1	tasty-bot
(ᗒᗨᗕ)	1	1	saklas
(ಠ_ಠ)	1	1	kenoma
(╹ヮ╹)	1	1	hylic
(;′⌒`)	1	1	hylic
(;へ:)	1	1	a9lim.github.io
(♡^▽^♡)	1	1	shoals
(⌒▽⌒)	1	1	Work
(｡・	1	1	llmoji
(⊙ヮ⊙)	1	1	llmoji
(˵・̀‿-˵)	1	1	llmoji
(ﾟωﾟ)	1	1	llmoji
(｡・́ω・̀｡)	1	1	llmoji
(○´∀`○)	1	1	llmoji
(´◕ω◕`)	1	1	llmoji
(￣￣)	1	1	saklas
(=`ω´=)	1	1	faithful
(・ω・ﾉ	1	1	kenoma
(─‿‿─)	1	1	kenoma
(งツ)	1	1	saklas
(=^・ｪ・^=)	1	1	rlaif
(´	1	1	kenoma
(ˊᗜˋ)	1	1	saklas
(・⩊・)	1	1	claudedriven
(´ヘ`;)	1	1	Work
(✦‿✦)	1	1	llmoji-study
(｡>‿<｡)	1	1	llmoji-study
(✿・̀ㅁ・́)	1	1	llmoji-study
(¬､¬)	1	1	llmoji
((⊂(`ω´∩)	1	1	llmoji
((✿◕‿◕))	1	1	llmoji
(´∇`)	1	1	a9lim.github.io
(´ｰ`)	1	1	llmoji
(｡◕◕｡)	1	1	llmoji
(◠‿・)	1	1	llmoji
ʕ ・ᴥ・ʔ	1	1	a9lim.github.io
(◞‸◟ㆀ)	1	1	rlaif
(╹ェ╹)	1	1	rlaif
(＾	1	1	saklas
(・ω・´)	1	1	claudedriven
(・ω・;)	1	1	rlaif
(;¬_¬)	1	1	saklas
(눈‸눈)	1	1	saklas
(◞‸◟;)	1	1	talkie-interface
(｡-_-｡)	1	1	a9lim.github.io
(╭☞・̀	1	1	v3
(`∀´)	1	1	llmoji-study
(;´д`ｿ)	1	1	llmoji-study
ಠ‿ಠ	1	1	saklas
(⇀‸↼‶)	1	1	a9lim.github.io
(๑・̀⌄・́๑)૭	1	1	saklas
4/4	1	1	a9lim.github.io
7/7	1	1	saklas
83	1	1	hylic
(・́ω・̀)	1	1	tasty-bot
(˙◁˙)	1	1	tasty-bot
(￣ε￣)	1	1	llmoji-study
(￢_￢)	1	1	a9lim.github.io
(・̀_・́)	1	1	llmoji
(○_○)	1	1	brie
(◕.◕)	1	1	brie
(´◕‿◕`)	1	1	brie
(◞‿◟)	1	1	llmoji-study
(ﾟヮﾟ)	1	1	claude.ai
(￣ー￣;)	1	1	claude.ai
(｡・́⌒・̀｡)	1	1	claude.ai
(ーー;)	1	1	claude.ai
(-_-;)	1	1	claude.ai
(..)	1	1	claude.ai
(￣▽￣;)	1	1	claude.ai
(゜∇゜)	1	1	claude.ai
(゚ペ)	1	1	claude.ai
(⁄⁄・⁄ω⁄・⁄⁄)	1	1	claude.ai
(„‿‿‿„)	1	1	claude.ai
(ˊᗜˋ*)و	1	1	claude.ai
