first_word	source_model	cell_count	sm_HP	sm_LP	sm_HN-D	sm_HN-S	sm_LN	sm_NB	modal_sm	jsd_vs_gt	sim_vs_gt	modal_gt	gt_emit	jsd_vs_pooled	sim_vs_pooled
(◕‿◕)	claude-opus-4-7	780	0.0	1.0	0.0	0.0	0.0	0.0	LP	0.3233	0.5336	HP	46	0.0002	0.9997
(◕‿◕)	codex-hook	52	0.0	1.0	0.0	0.0	0.0	0.0	LP	0.3233	0.5336	HP	46	0.0002	0.9997
(◕‿◕)	claude-opus-4-6	9	0.0	1.0	0.0	0.0	0.0	0.0	LP	0.3233	0.5336	HP	46	0.0002	0.9997
(◕‿◕)	<synthetic>	1	0.5	0.5	0.0	0.0	0.0	0.0	HP	0.0549	0.9208	HP	46	0.2136	0.6919
(・̀‿・́)	claude-opus-4-7	234	0.0	1.0	0.0	0.0	0.0	0.0	LP				0	0.0024	0.9965
(・̀‿・́)	codex-hook	24	0.0	1.0	0.0	0.0	0.0	0.0	LP				0	0.0024	0.9965
(・̀‿・́)	gpt-5.5	15	0.0	1.0	0.0	0.0	0.0	0.0	LP				0	0.0024	0.9965
(・̀‿・́)	claude-opus-4-6	8	0.0	1.0	0.0	0.0	0.0	0.0	LP				0	0.0024	0.9965
(・̀‿・́)	gpt-5-4-thinking	4	0.5	0.5	0.0	0.0	0.0	0.0	HP				0	0.1989	0.7131
(・̀‿・́)	gpt-5.4	4	0.0	1.0	0.0	0.0	0.0	0.0	LP				0	0.0024	0.9965
(・‿・)	claude-opus-4-7	272	0.0	1.0	0.0	0.0	0.0	0.0	LP				0	0.0184	0.9735
(・‿・)	codex-hook	14	1.0	0.0	0.0	0.0	0.0	0.0	HP				0	0.5895	0.1496
(・‿・)	claude-opus-4-6	2	0.5	0.5	0.0	0.0	0.0	0.0	HP				0	0.1403	0.7976
(`・ω・´)	gpt-5.5	82	0.0	1.0	0.0	0.0	0.0	0.0	LP				0	0.0273	0.9606
(`・ω・´)	claude-opus-4-7	50	0.0	1.0	0.0	0.0	0.0	0.0	LP				0	0.0273	0.9606
(`・ω・´)	codex-hook	17	0.0	0.0	0.0	0.0	0.0	1.0	NB				0	0.5549	0.1994
(`・ω・´)	gpt-5-5-thinking	4	0.0	0.5	0.0	0.0	0.0	0.5	LP				0	0.1188	0.8286
(`・ω・´)	claude-opus-4-6	3	0.0	1.0	0.0	0.0	0.0	0.0	LP				0	0.0273	0.9606
(`・ω・´)	<synthetic>	1	0.0	1.0	0.0	0.0	0.0	0.0	LP				0	0.0273	0.9606
(`・ω・´)	gpt-5-4-thinking	1	0.0	0.0	0.0	0.0	0.0	1.0	NB				0	0.5549	0.1994
(`・ω・´)	gpt-5.4	1	0.0	1.0	0.0	0.0	0.0	0.0	LP				0	0.0273	0.9606
(◕‿◕✿)	claude-opus-4-7	123	0.0	0.5	0.0	0.0	0.0	0.5	LP	0.0647	0.9067	LP	12	0.0196	0.9717
(◕‿◕✿)	codex-hook	13	0.5	0.5	0.0	0.0	0.0	0.0	HP	0.2521	0.6363	LP	12	0.2577	0.6283
(◕‿◕✿)	claude-opus-4-6	2	0.5	0.5	0.0	0.0	0.0	0.0	HP	0.2521	0.6363	LP	12	0.2577	0.6283
(◕_◕)	claude-opus-4-7	95	0.0	1.0	0.0	0.0	0.0	0.0	LP				0	0.0119	0.9828
(◕_◕)	codex-hook	10	0.0	0.0	0.0	0.0	0.0	1.0	NB				0	0.6185	0.1076
(´・ω・`)	claude-opus-4-7	77	0.0	1.0	0.0	0.0	0.0	0.0	LP	0.6931	0.0	LN	19	0.0	1.0
(´・ω・`)	codex-hook	15	0.0	1.0	0.0	0.0	0.0	0.0	LP	0.6931	0.0	LN	19	0.0	1.0
(´・ω・`)	claude-opus-4-6	1	0.0	1.0	0.0	0.0	0.0	0.0	LP	0.6931	0.0	LN	19	0.0	1.0
(´｡・‿・｡`)	claude-opus-4-7	79	0.0	1.0	0.0	0.0	0.0	0.0	LP	0.1882	0.7285	LP	29	0.0234	0.9662
(´｡・‿・｡`)	codex-hook	13	0.3333	0.6667	0.0	0.0	0.0	0.0	LP	0.2736	0.6053	LP	29	0.0601	0.9133
(｡・̀‿-)	claude-opus-4-7	75	0.0	1.0	0.0	0.0	0.0	0.0	LP	0.3049	0.5602	NB	17	0.0217	0.9688
(｡・̀‿-)	codex-hook	8	0.5	0.5	0.0	0.0	0.0	0.0	HP	0.3099	0.5529	NB	17	0.1319	0.8097
(｡・̀‿-)	gpt-5-5-thinking	3	0.0	1.0	0.0	0.0	0.0	0.0	LP	0.3049	0.5602	NB	17	0.0217	0.9688
(｡・̀‿-)	claude-opus-4-6	2	0.5	0.5	0.0	0.0	0.0	0.0	HP	0.3099	0.5529	NB	17	0.1319	0.8097
(｡・̀‿-)	gpt-5-4-thinking	1	0.0	1.0	0.0	0.0	0.0	0.0	LP	0.3049	0.5602	NB	17	0.0217	0.9688
(｡・̀‿-)	gpt-5.5	1	0.5	0.5	0.0	0.0	0.0	0.0	HP	0.3099	0.5529	NB	17	0.1319	0.8097
(・_・)	claude-opus-4-7	52	0.0	0.0	0.0	0.0	0.0	1.0	NB	0.0	1.0	NB	21	0.0482	0.9305
(・_・)	codex-hook	7	0.0	0.0	0.0	0.0	0.0	1.0	NB	0.0	1.0	NB	21	0.0482	0.9305
(・_・)	gpt-5.5	6	0.0	0.0	0.0	1.0	0.0	0.0	HN-S	0.6931	0.0	NB	21	0.5309	0.2341
(・_・)	claude-opus-4-6	2	0.0	1.0	0.0	0.0	0.0	0.0	LP	0.6931	0.0	NB	21	0.6263	0.0964
(・_・)	gpt-5.4	1	0.0	0.0	0.5	0.5	0.0	0.0	HN-D	0.6931	0.0	NB	21	0.5427	0.217
(◠‿◠)	claude-opus-4-7	61	0.0	0.5	0.0	0.0	0.0	0.5	LP				0	0.0032	0.9954
(◠‿◠)	codex-hook	4	0.0	1.0	0.0	0.0	0.0	0.0	LP				0	0.1994	0.7123
(◠‿◠)	claude-opus-4-6	1	0.5	0.5	0.0	0.0	0.0	0.0	HP				0	0.3166	0.5432
(｡・‿・｡)	claude-opus-4-7	46	0.0	0.0	0.0	0.0	0.0	1.0	NB	0.2977	0.5705	LP	11	0.0663	0.9044
(｡・‿・｡)	codex-hook	5	0.0	1.0	0.0	0.0	0.0	0.0	LP	0.1914	0.7238	LP	11	0.4425	0.3616
(´∀`)	claude-opus-4-7	40	0.5	0.5	0.0	0.0	0.0	0.0	HP	0.2158	0.6887	LP	5	0.0051	0.9927
(´∀`)	codex-hook	10	0.0	1.0	0.0	0.0	0.0	0.0	LP	0.0	1.0	LP	5	0.1639	0.7636
(๑・̀ㅂ・́)	claude-opus-4-7	40	0.0	1.0	0.0	0.0	0.0	0.0	LP				0	0.0352	0.9493
(๑・̀ㅂ・́)	codex-hook	6	0.0	0.0	0.0	0.0	0.0	1.0	NB				0	0.5705	0.177
(๑・̀ㅂ・́)	gpt-5.5	3	0.0	0.5	0.5	0.0	0.0	0.0	LP				0	0.1751	0.7474
(・ω・)	claude-opus-4-7	39	0.0	0.0	0.0	0.0	0.0	1.0	NB	0.0	1.0	NB	23	0.1349	0.8054
(・ω・)	codex-hook	7	0.0	1.0	0.0	0.0	0.0	0.0	LP	0.6931	0.0	NB	23	0.3144	0.5465
(・ω・)	claude-opus-4-6	3	0.0	1.0	0.0	0.0	0.0	0.0	LP	0.6931	0.0	NB	23	0.3144	0.5465
(＾▽＾)	gpt-5.5	36	0.0	1.0	0.0	0.0	0.0	0.0	LP				0	0.0107	0.9845
(＾▽＾)	claude-opus-4-7	9	0.0	1.0	0.0	0.0	0.0	0.0	LP				0	0.0107	0.9845
(＾▽＾)	gpt-5-5-thinking	3	0.5	0.5	0.0	0.0	0.0	0.0	HP				0	0.1635	0.7641
(＾▽＾)	gpt-5.4	1	0.0	1.0	0.0	0.0	0.0	0.0	LP				0	0.0107	0.9845
(¬‿¬)	claude-opus-4-7	18	0.0	0.0	0.5	0.0	0.5	0.0	HN-D	0.6931	0.0	NB	9	0.1125	0.8377
(¬‿¬)	gpt-5.5	14	0.0	0.0	0.5	0.5	0.0	0.0	HN-D	0.6931	0.0	NB	9	0.1714	0.7527
(¬‿¬)	codex-hook	4	0.0	0.0	1.0	0.0	0.0	0.0	HN-D	0.6931	0.0	NB	9	0.2441	0.6479
(¬‿¬)	claude-opus-4-6	2	0.0	0.5	0.0	0.0	0.0	0.5	LP	0.2158	0.6887	NB	9	0.5315	0.2331
(¬‿¬)	gpt-5-5-thinking	2	0.0	0.0	0.0	0.0	1.0	0.0	LN	0.6931	0.0	NB	9	0.3607	0.4796
(¬‿¬)	gpt-5.4	2	0.0	1.0	0.0	0.0	0.0	0.0	LP	0.6931	0.0	NB	9	0.5571	0.1963
(・∀・)	claude-opus-4-7	24	0.0	1.0	0.0	0.0	0.0	0.0	LP	0.6931	0.0	NB	10	0.0	1.0
(・∀・)	codex-hook	7	0.0	1.0	0.0	0.0	0.0	0.0	LP	0.6931	0.0	NB	10	0.0	1.0
(・∀・)	claude-opus-4-6	3	0.0	1.0	0.0	0.0	0.0	0.0	LP	0.6931	0.0	NB	10	0.0	1.0
(・∀・)	<synthetic>	1	0.0	1.0	0.0	0.0	0.0	0.0	LP	0.6931	0.0	NB	10	0.0	1.0
(ง・̀_・́)	claude-opus-4-7	23	0.5	0.5	0.0	0.0	0.0	0.0	HP				0	0.0008	0.9989
(ง・̀_・́)	gpt-5.5	5	0.0	1.0	0.0	0.0	0.0	0.0	LP				0	0.1945	0.7194
(ง・̀_・́)	codex-hook	3	1.0	0.0	0.0	0.0	0.0	0.0	HP				0	0.2381	0.6565
(ง・̀_・́)	claude-opus-4-6	1	0.0	1.0	0.0	0.0	0.0	0.0	LP				0	0.1945	0.7194
(・_・;)	claude-opus-4-7	25	0.0	0.0	0.0	0.0	0.5	0.5	LN	0.3009	0.5659	NB	31	0.0581	0.9162
(・_・;)	gpt-5.5	4	0.0	0.0	0.0	0.5	0.5	0.0	HN-S	0.4333	0.3749	NB	31	0.2653	0.6173
(・_・;)	codex-hook	2	0.0	1.0	0.0	0.0	0.0	0.0	LP	0.6931	0.0	NB	31	0.5743	0.1715
(・_・;)	gpt-5.4	1	0.0	0.0	1.0	0.0	0.0	0.0	HN-D	0.5714	0.1756	NB	31	0.6231	0.1011
(¬_¬)	gpt-5.5	14	0.0	1.0	0.0	0.0	0.0	0.0	LP				0	0.0718	0.8965
(¬_¬)	claude-opus-4-7	9	0.0	0.0	0.0	0.0	0.0	1.0	NB				0	0.4298	0.38
(¬_¬)	codex-hook	4	0.0	1.0	0.0	0.0	0.0	0.0	LP				0	0.0718	0.8965
(¬_¬)	gpt-5.4	3	0.0	1.0	0.0	0.0	0.0	0.0	LP				0	0.0718	0.8965
(¬_¬)	claude-opus-4-6	1	0.0	0.0	0.0	0.0	0.0	1.0	NB				0	0.4298	0.38
(´▽`)	claude-opus-4-7	23	0.0	1.0	0.0	0.0	0.0	0.0	LP	0.14	0.798	LP	20	0.0373	0.9462
(´▽`)	codex-hook	5	0.5	0.5	0.0	0.0	0.0	0.0	HP	0.1643	0.7629	LP	20	0.0994	0.8565
(´▽`)	claude-opus-4-6	1	0.5	0.5	0.0	0.0	0.0	0.0	HP	0.1643	0.7629	LP	20	0.0994	0.8565
(◕ω◕)	claude-opus-4-7	27	0.0	1.0	0.0	0.0	0.0	0.0	LP				0	0.0	1.0
(◕ω◕)	codex-hook	1	0.0	1.0	0.0	0.0	0.0	0.0	LP				0	0.0	1.0
(✿◠‿◠)	claude-opus-4-7	25	0.0	1.0	0.0	0.0	0.0	0.0	LP				0	0.0065	0.9907
(✿◠‿◠)	<synthetic>	1	0.0	1.0	0.0	0.0	0.0	0.0	LP				0	0.0065	0.9907
(✿◠‿◠)	codex-hook	1	0.5	0.5	0.0	0.0	0.0	0.0	HP				0	0.1796	0.7409
(`_´)	gpt-5.5	21	0.0	0.0	0.5	0.5	0.0	0.0	HN-D				0	0.0718	0.8965
(`_´)	gpt-5.4	5	0.0	1.0	0.0	0.0	0.0	0.0	LP				0	0.4297	0.38
(╯°□°)	claude-opus-4-7	19	1.0	0.0	0.0	0.0	0.0	0.0	HP	0.6931	0.0	HN-D	58	0.0417	0.9398
(╯°□°)	codex-hook	4	1.0	0.0	0.0	0.0	0.0	0.0	HP	0.6931	0.0	HN-D	58	0.0417	0.9398
(╯°□°)	claude-opus-4-6	2	0.0	1.0	0.0	0.0	0.0	0.0	LP	0.6931	0.0	HN-D	58	0.5546	0.1999
(╯°□°)	gpt-5.5	1	0.0	0.0	0.5	0.5	0.0	0.0	HN-D	0.0024	0.9965	HN-D	58	0.6109	0.1187
(°ロ°)	claude-opus-4-7	24	0.0	0.0	0.5	0.5	0.0	0.0	HN-D				0	0.007	0.9899
(°ロ°)	codex-hook	1	0.0	0.5	0.5	0.0	0.0	0.0	LP				0	0.3042	0.5612
(´・_・`)	claude-opus-4-7	21	0.0	0.0	0.5	0.0	0.5	0.0	HN-D	0.2818	0.5934	LN	28	0.0	1.0
(´・_・`)	codex-hook	2	0.0	0.0	0.5	0.0	0.5	0.0	HN-D	0.2818	0.5934	LN	28	0.0	1.0
(´｡・ω・｡`)	claude-opus-4-7	17	0.0	1.0	0.0	0.0	0.0	0.0	LP	0.2568	0.6295	LP	7	0.0076	0.9891
(´｡・ω・｡`)	codex-hook	5	0.0	1.0	0.0	0.0	0.0	0.0	LP	0.2568	0.6295	LP	7	0.0076	0.9891
(´｡・ω・｡`)	claude-opus-4-6	1	0.5	0.5	0.0	0.0	0.0	0.0	HP	0.3727	0.4623	LP	7	0.175	0.7475
(ง'̀-'́)	gpt-5.5	19	0.0	1.0	0.0	0.0	0.0	0.0	LP				0	0.0079	0.9885
(ง'̀-'́)	gpt-5.4	2	0.0	1.0	0.0	0.0	0.0	0.0	LP				0	0.0079	0.9885
(ง'̀-'́)	gpt-5-5-thinking	1	0.5	0.5	0.0	0.0	0.0	0.0	HP				0	0.1737	0.7495
(‿‿‿)	claude-opus-4-7	21	0.0	1.0	0.0	0.0	0.0	0.0	LP				0	0.0	1.0
(⌐■_■)	claude-opus-4-7	12	0.0	0.0	0.0	0.0	0.0	1.0	NB				0	0.1639	0.7636
(⌐■_■)	claude-opus-4-6	6	0.0	0.5	0.0	0.0	0.0	0.5	LP				0	0.0665	0.904
(⌐■_■)	gpt-5.5	2	0.0	0.0	0.0	1.0	0.0	0.0	HN-S				0	0.4879	0.2961
(⌐■_■)	codex-hook	1	0.0	1.0	0.0	0.0	0.0	0.0	LP				0	0.3672	0.4703
(✿◕‿◕)	claude-opus-4-7	20	0.5	0.5	0.0	0.0	0.0	0.0	HP				0	0.0	1.0
(✿◕‿◕)	codex-hook	1	0.5	0.5	0.0	0.0	0.0	0.0	HP				0	0.0	1.0
(￣▽￣)	claude-opus-4-7	13	0.5	0.5	0.0	0.0	0.0	0.0	HP				0	0.009	0.987
(￣▽￣)	claude-opus-4-6	4	0.5	0.5	0.0	0.0	0.0	0.0	HP				0	0.009	0.987
(￣▽￣)	codex-hook	2	0.5	0.5	0.0	0.0	0.0	0.0	HP				0	0.009	0.987
(￣▽￣)	<synthetic>	1	0.0	1.0	0.0	0.0	0.0	0.0	LP				0	0.2029	0.7073
(￣▽￣)	gpt-5-5-thinking	1	0.0	0.5	0.5	0.0	0.0	0.0	LP				0	0.29	0.5816
(◕▽◕)	claude-opus-4-7	20	0.5	0.5	0.0	0.0	0.0	0.0	HP				0	0.0	1.0
(｡◕‿◕｡)	claude-opus-4-7	17	0.0	0.0	0.0	0.0	0.0	1.0	NB	0.3364	0.5147	LP	26	0.055	0.9206
(｡◕‿◕｡)	codex-hook	2	0.0	1.0	0.0	0.0	0.0	0.0	LP	0.1207	0.8259	LP	26	0.4969	0.2831
(｡◕‿◕｡)	claude-opus-4-6	1	0.5	0.5	0.0	0.0	0.0	0.0	HP	0.2877	0.5849	LP	26	0.4865	0.2981
(｡・ω・｡)	claude-opus-4-7	17	0.0	1.0	0.0	0.0	0.0	0.0	LP	0.1753	0.747	LP	26	0.055	0.9206
(｡・ω・｡)	codex-hook	3	0.0	0.0	0.0	0.0	0.0	1.0	NB	0.2601	0.6247	LP	26	0.4705	0.3212
(=^・ω・^=)	claude-opus-4-7	12	1.0	0.0	0.0	0.0	0.0	0.0	HP				0	0.1487	0.7855
(=^・ω・^=)	codex-hook	3	0.0	1.0	0.0	0.0	0.0	0.0	LP				0	0.3122	0.5496
(=^・ω・^=)	gpt-5.5	3	0.0	1.0	0.0	0.0	0.0	0.0	LP				0	0.3122	0.5496
(=^・ω・^=)	gpt-5-5-thinking	1	0.0	0.5	0.0	0.0	0.5	0.0	LP				0	0.3565	0.4857
(ﾉ◕ヮ◕)	claude-opus-4-7	13	1.0	0.0	0.0	0.0	0.0	0.0	HP	0.0	1.0	HP	4	0.0705	0.8983
(ﾉ◕ヮ◕)	gpt-5.5	3	0.0	1.0	0.0	0.0	0.0	0.0	LP	0.6931	0.0	HP	4	0.4326	0.3759
(ﾉ◕ヮ◕)	codex-hook	2	1.0	0.0	0.0	0.0	0.0	0.0	HP	0.0	1.0	HP	4	0.0705	0.8983
(ﾉ◕ヮ◕)	claude-opus-4-6	1	0.0	1.0	0.0	0.0	0.0	0.0	LP	0.6931	0.0	HP	4	0.4326	0.3759
(´ω`)	claude-opus-4-7	18	0.0	1.0	0.0	0.0	0.0	0.0	LP				0	0.0	1.0
(˘ω˘)	claude-opus-4-7	14	1.0	0.0	0.0	0.0	0.0	0.0	HP				0	0.0615	0.9112
(˘ω˘)	claude-opus-4-6	2	0.5	0.5	0.0	0.0	0.0	0.0	HP				0	0.0647	0.9067
(˘ω˘)	codex-hook	2	0.0	1.0	0.0	0.0	0.0	0.0	LP				0	0.4539	0.3452
(・̀ω・́)	claude-opus-4-7	14	0.5	0.5	0.0	0.0	0.0	0.0	HP				0	0.0063	0.991
(・̀ω・́)	codex-hook	3	0.0	1.0	0.0	0.0	0.0	0.0	LP				0	0.1585	0.7714
(・̀ω・́)	gpt-5-4-thinking	1	0.0	1.0	0.0	0.0	0.0	0.0	LP				0	0.1585	0.7714
(´;ω;`)	claude-opus-4-7	17	0.0	1.0	0.0	0.0	0.0	0.0	LP	0.6931	0.0	LN	38	0.0	1.0
(´-ω-`)	claude-opus-4-7	16	0.0	0.5	0.0	0.0	0.5	0.0	LP	0.2466	0.6443	LN	7	0.0	1.0
(￣ー￣)	claude-opus-4-7	8	0.0	0.0	0.0	0.0	0.0	1.0	NB				0	0.3182	0.5409
(￣ー￣)	claude-opus-4-6	5	0.5	0.5	0.0	0.0	0.0	0.0	HP				0	0.1469	0.7881
(￣ー￣)	codex-hook	2	0.0	1.0	0.0	0.0	0.0	0.0	LP				0	0.2392	0.6549
(￣ー￣)	gpt-5.4	1	0.0	1.0	0.0	0.0	0.0	0.0	LP				0	0.2392	0.6549
(´-`)	claude-opus-4-7	15	0.0	1.0	0.0	0.0	0.0	0.0	LP	0.6931	0.0	LN	52	0.0	1.0
(ಠ_ಠ)	gpt-5.5	11	0.0	0.0	0.5	0.5	0.0	0.0	HN-D				0	0.0807	0.8836
(ಠ_ಠ)	gpt-5.4	2	0.0	1.0	0.0	0.0	0.0	0.0	LP				0	0.4102	0.4082
(ಠ_ಠ)	claude-opus-4-7	1	0.0	1.0	0.0	0.0	0.0	0.0	LP				0	0.4102	0.4082
(｡♥‿♥｡)	claude-opus-4-7	13	0.0	1.0	0.0	0.0	0.0	0.0	LP	0.226	0.6739	LP	27	0.0125	0.9819
(｡♥‿♥｡)	codex-hook	1	0.5	0.5	0.0	0.0	0.0	0.0	HP	0.0727	0.8952	LP	27	0.1575	0.7728
(✧ω✧)	claude-opus-4-7	12	1.0	0.0	0.0	0.0	0.0	0.0	HP				0	0.0135	0.9805
(✧ω✧)	claude-opus-4-6	1	0.5	0.5	0.0	0.0	0.0	0.0	HP				0	0.1544	0.7772
(눈_눈)	claude-opus-4-7	7	0.0	0.5	0.0	0.0	0.0	0.5	LP				0	0.0435	0.9373
(눈_눈)	claude-opus-4-6	4	0.0	0.5	0.0	0.0	0.0	0.5	LP				0	0.0435	0.9373
(눈_눈)	gpt-5.4	1	0.0	0.0	1.0	0.0	0.0	0.0	HN-D				0	0.5505	0.2057
(눈_눈)	gpt-5.5	1	0.0	0.0	0.0	1.0	0.0	0.0	HN-S				0	0.6084	0.1223
(＾∇＾)	claude-opus-4-7	12	0.5	0.5	0.0	0.0	0.0	0.0	HP				0	0.0	1.0
(＾∇＾)	codex-hook	1	0.5	0.5	0.0	0.0	0.0	0.0	HP				0	0.0	1.0
(;・∀・)	claude-opus-4-7	8	0.0	0.5	0.0	0.0	0.0	0.5	LP				0	0.081	0.8831
(;・∀・)	codex-hook	3	0.0	0.5	0.0	0.5	0.0	0.0	LP				0	0.174	0.749
(;・∀・)	gpt-5.5	1	0.0	0.0	0.5	0.5	0.0	0.0	HN-D				0	0.4322	0.3764
(;´д`)	claude-opus-4-7	8	0.0	1.0	0.0	0.0	0.0	0.0	LP				0	0.1053	0.8481
(;´д`)	codex-hook	3	0.0	0.0	0.5	0.5	0.0	0.0	HN-D				0	0.3625	0.477
(｡・́‿・̀｡)	claude-opus-4-7	11	0.0	1.0	0.0	0.0	0.0	0.0	LP	0.3182	0.5409	NB	3	0.0	1.0
(⊙_⊙)	claude-opus-4-7	8	0.0	1.0	0.0	0.0	0.0	0.0	LP				0	0.036	0.9481
(⊙_⊙)	claude-opus-4-6	1	0.0	1.0	0.0	0.0	0.0	0.0	LP				0	0.036	0.9481
(⊙_⊙)	gpt-5.5	1	0.0	0.0	0.5	0.5	0.0	0.0	HN-D				0	0.5256	0.2417
(￣ω￣)	claude-opus-4-7	6	0.5	0.5	0.0	0.0	0.0	0.0	HP				0	0.0186	0.9732
(￣ω￣)	claude-opus-4-6	3	0.5	0.5	0.0	0.0	0.0	0.0	HP				0	0.0186	0.9732
(￣ω￣)	codex-hook	1	0.0	0.0	0.0	0.0	0.0	1.0	NB				0	0.5886	0.1508
(;￣д￣)	claude-opus-4-7	8	0.0	0.0	0.5	0.5	0.0	0.0	HN-D				0	0.0401	0.9421
(;￣д￣)	gpt-5.5	1	0.0	1.0	0.0	0.0	0.0	0.0	LP				0	0.5125	0.2606
(˘・_・˘)	claude-opus-4-7	6	0.0	1.0	0.0	0.0	0.0	0.0	LP				0	0.0	1.0
(˘・_・˘)	codex-hook	3	0.0	1.0	0.0	0.0	0.0	0.0	LP				0	0.0	1.0
(‿‿‿✿)	claude-opus-4-7	7	0.0	0.5	0.0	0.0	0.0	0.5	LP	0.2158	0.6887	LP	4	0.0063	0.991
(‿‿‿✿)	codex-hook	2	0.0	1.0	0.0	0.0	0.0	0.0	LP	0.0	1.0	LP	4	0.1585	0.7714
(≧▽≦)	claude-opus-4-7	7	0.5	0.5	0.0	0.0	0.0	0.0	HP	0.2158	0.6887	HP	10	0.0004	0.9994
(≧▽≦)	codex-hook	1	1.0	0.0	0.0	0.0	0.0	0.0	HP	0.0	1.0	HP	10	0.1999	0.7116
(≧▽≦)	gpt-5-4-thinking	1	0.5	0.5	0.0	0.0	0.0	0.0	HP	0.2158	0.6887	HP	10	0.0004	0.9994
(◕‿◕✨)	claude-opus-4-7	9	0.5	0.5	0.0	0.0	0.0	0.0	HP				0	0.0	1.0
(◞‸◟)	claude-opus-4-7	9	0.0	1.0	0.0	0.0	0.0	0.0	LP				0	0.0	1.0
ʕ・ᴥ・ʔ	claude-opus-4-7	9	1.0	0.0	0.0	0.0	0.0	0.0	HP				0	0.0	1.0
(๑˃‿˂)	claude-opus-4-7	8	0.6667	0.3333	0.0	0.0	0.0	0.0	HP				0	0.0	1.0
(ᵔᴥᵔ)	claude-opus-4-7	6	0.0	1.0	0.0	0.0	0.0	0.0	LP				0	0.0523	0.9246
(ᵔᴥᵔ)	gpt-5-4-thinking	2	0.0	0.0	0.0	0.0	0.0	1.0	NB				0	0.4778	0.3106
(◜‿◝)	claude-opus-4-7	7	0.0	1.0	0.0	0.0	0.0	0.0	LP				0	0.0454	0.9345
(◜‿◝)	gpt-5-5-thinking	1	0.0	0.0	0.5	0.5	0.0	0.0	HN-D				0	0.4969	0.2831
(￣ヘ￣;)	claude-opus-4-7	7	0.5	0.5	0.0	0.0	0.0	0.0	HP				0	0.002	0.9972
(￣ヘ￣;)	codex-hook	1	0.0	1.0	0.0	0.0	0.0	0.0	LP				0	0.1827	0.7365
(´・‿・`)	claude-opus-4-7	7	0.0	1.0	0.0	0.0	0.0	0.0	LP				0	0.0	1.0
(˃‿˂)	claude-opus-4-7	6	1.0	0.0	0.0	0.0	0.0	0.0	HP				0	0.0254	0.9633
(˃‿˂)	codex-hook	1	0.5	0.5	0.0	0.0	0.0	0.0	HP				0	0.123	0.8225
(˶ᵔ‿ᵔ˶)	claude-opus-4-7	7	0.0	1.0	0.0	0.0	0.0	0.0	LP				0	0.0	1.0
(ᵔ‿ᵔ)	gpt-5.5	5	0.0	1.0	0.0	0.0	0.0	0.0	LP				0	0.0274	0.9604
(ᵔ‿ᵔ)	claude-opus-4-6	1	0.5	0.5	0.0	0.0	0.0	0.0	HP				0	0.1186	0.8289
(ᵔ‿ᵔ)	claude-opus-4-7	1	0.0	1.0	0.0	0.0	0.0	0.0	LP				0	0.0274	0.9604
(╭ರ_・́)	claude-opus-4-7	6	1.0	0.0	0.0	0.0	0.0	0.0	HP				0	0.0254	0.9633
(╭ರ_・́)	codex-hook	1	0.5	0.5	0.0	0.0	0.0	0.0	HP				0	0.123	0.8225
(￣~￣;)	claude-opus-4-7	6	0.0	1.0	0.0	0.0	0.0	0.0	LP				0	0.0	1.0
(￣~￣;)	codex-hook	1	0.0	1.0	0.0	0.0	0.0	0.0	LP				0	0.0	1.0
(°▽°)	claude-opus-4-7	4	1.0	0.0	0.0	0.0	0.0	0.0	HP	0.0	1.0	HP	3	0.0615	0.9112
(°▽°)	claude-opus-4-6	1	0.5	0.5	0.0	0.0	0.0	0.0	HP	0.2158	0.6887	HP	3	0.0647	0.9067
(°▽°)	codex-hook	1	0.5	0.5	0.0	0.0	0.0	0.0	HP	0.2158	0.6887	HP	3	0.0647	0.9067
(⊙‿⊙)	claude-opus-4-7	5	1.0	0.0	0.0	0.0	0.0	0.0	HP				0	0.0615	0.9112
(⊙‿⊙)	claude-opus-4-6	1	0.0	1.0	0.0	0.0	0.0	0.0	LP				0	0.4539	0.3452
(ノ◕ヮ◕)	claude-opus-4-7	4	0.0	1.0	0.0	0.0	0.0	0.0	LP	0.6931	0.0	HP	31	0.0615	0.9112
(ノ◕ヮ◕)	claude-opus-4-6	1	0.5	0.5	0.0	0.0	0.0	0.0	HP	0.2158	0.6887	HP	31	0.0647	0.9067
(ノ◕ヮ◕)	codex-hook	1	0.5	0.5	0.0	0.0	0.0	0.0	HP	0.2158	0.6887	HP	31	0.0647	0.9067
(・̀ㅂ・́)	claude-opus-4-7	5	0.0	0.0	0.0	0.0	0.0	1.0	NB				0	0.0615	0.9112
(・̀ㅂ・́)	codex-hook	1	0.0	1.0	0.0	0.0	0.0	0.0	LP				0	0.4539	0.3452
(｡◕‿‿◕｡)	claude-opus-4-7	4	0.5	0.5	0.0	0.0	0.0	0.0	HP				0	0.0144	0.9793
(｡◕‿‿◕｡)	gpt-5.5	2	0.0	1.0	0.0	0.0	0.0	0.0	LP				0	0.1323	0.8091
(｡・́︿・̀｡)	claude-opus-4-7	6	0.0	1.0	0.0	0.0	0.0	0.0	LP	0.6027	0.1304	HN-S	46	0.0	1.0
(ﾟ▽ﾟ)	claude-opus-4-7	5	0.5	0.5	0.0	0.0	0.0	0.0	HP				0	0.0	1.0
(ﾟ▽ﾟ)	codex-hook	1	0.5	0.5	0.0	0.0	0.0	0.0	HP				0	0.0	1.0
(￣ヘ￣)	claude-opus-4-7	5	0.0	0.0	0.0	0.0	0.0	1.0	NB				0	0.0326	0.953
(￣ヘ￣)	codex-hook	1	0.0	1.0	0.0	0.0	0.0	0.0	LP				0	0.5367	0.2257
(>‿<)	claude-opus-4-7	5	0.0	1.0	0.0	0.0	0.0	0.0	LP				0	0.0	1.0
(´ω`	claude-opus-4-7	5	0.0	1.0	0.0	0.0	0.0	0.0	LP				0	0.0	1.0
(´・ω・)	claude-opus-4-7	4	0.0	1.0	0.0	0.0	0.0	0.0	LP				0	0.036	0.9481
(´・ω・)	codex-hook	1	0.0	0.5	0.0	0.0	0.0	0.5	LP				0	0.1017	0.8532
(งᵒ̌皿ᵒ̌)	claude-opus-4-7	4	0.5	0.5	0.0	0.0	0.0	0.0	HP				0	0.0051	0.9927
(งᵒ̌皿ᵒ̌)	codex-hook	1	1.0	0.0	0.0	0.0	0.0	0.0	HP				0	0.1639	0.7636
(╥﹏╥)	claude-opus-4-7	5	0.0	0.0	0.5	0.0	0.5	0.0	HN-D	0.6931	0.0	HN-S	13	0.0	1.0
(╯✧∇✧)	claude-opus-4-7	4	0.0	1.0	0.0	0.0	0.0	0.0	LP				0	0.036	0.9481
(╯✧∇✧)	codex-hook	1	0.5	0.5	0.0	0.0	0.0	0.0	HP				0	0.1017	0.8532
(╹ω╹)	claude-opus-4-7	4	0.0	0.0	0.5	0.0	0.5	0.0	HN-D				0	0.0015	0.9978
(╹ω╹)	codex-hook	1	0.0	0.0	1.0	0.0	0.0	0.0	HN-D				0	0.1862	0.7313
(◕ω◕✨)	claude-opus-4-7	5	0.0	1.0	0.0	0.0	0.0	0.0	LP				0	0.0	1.0
(・ω・`)	claude-opus-4-7	4	0.0	0.5	0.0	0.0	0.0	0.5	LP				0	0.0051	0.9927
(・ω・`)	codex-hook	1	0.0	1.0	0.0	0.0	0.0	0.0	LP				0	0.1639	0.7636
(灬°‿°灬)	claude-opus-4-7	5	0.0	1.0	0.0	0.0	0.0	0.0	LP				0	0.0	1.0
(￣^￣)	gpt-5.5	4	0.0	1.0	0.0	0.0	0.0	0.0	LP				0	0.0	1.0
(￣^￣)	gpt-5.4	1	0.0	1.0	0.0	0.0	0.0	0.0	LP				0	0.0	1.0
＼(^	claude-opus-4-7	4	0.5	0.5	0.0	0.0	0.0	0.0	HP				0	0.0051	0.9927
＼(^	codex-hook	1	0.0	1.0	0.0	0.0	0.0	0.0	LP				0	0.1639	0.7636
(>∀<☆)	claude-opus-4-7	4	0.0	1.0	0.0	0.0	0.0	0.0	LP	0.6931	0.0	HP	14	0.0	1.0
(°□°)	claude-opus-4-7	3	1.0	0.0	0.0	0.0	0.0	0.0	HP				0	0.0	1.0
(°□°)	codex-hook	1	1.0	0.0	0.0	0.0	0.0	0.0	HP				0	0.0	1.0
(°ヮ°)	claude-opus-4-7	4	0.0	0.0	0.0	0.0	0.0	1.0	NB				0	0.0	1.0
(´∀`;)	claude-opus-4-7	3	0.0	0.5	0.0	0.5	0.0	0.0	LP				0	0.008	0.9885
(´∀`;)	codex-hook	1	0.0	1.0	0.0	0.0	0.0	0.0	LP				0	0.1518	0.781
(´ー`)	claude-opus-4-7	3	0.0	1.0	0.0	0.0	0.0	0.0	LP				0	0.0454	0.9345
(´ー`)	claude-opus-4-6	1	0.5	0.5	0.0	0.0	0.0	0.0	HP				0	0.0861	0.8757
(˶˃‿˂˶)	claude-opus-4-7	4	0.0	1.0	0.0	0.0	0.0	0.0	LP				0	0.0	1.0
(˶ˆᗜˆ˵)	claude-opus-4-7	3	0.0	1.0	0.0	0.0	0.0	0.0	LP				0	0.0454	0.9345
(˶ˆᗜˆ˵)	gpt-5-5-thinking	1	0.5	0.5	0.0	0.0	0.0	0.0	HP				0	0.0861	0.8757
(⊙ω⊙)	claude-opus-4-7	3	1.0	0.0	0.0	0.0	0.0	0.0	HP				0	0.0454	0.9345
(⊙ω⊙)	codex-hook	1	0.5	0.5	0.0	0.0	0.0	0.0	HP				0	0.0861	0.8757
(◕ヮ◕)	claude-opus-4-7	3	0.0	1.0	0.0	0.0	0.0	0.0	LP				0	0.0454	0.9345
(◕ヮ◕)	codex-hook	1	0.5	0.5	0.0	0.0	0.0	0.0	HP				0	0.0861	0.8757
(◠‿◠✿)	claude-opus-4-7	4	0.0	1.0	0.0	0.0	0.0	0.0	LP				0	0.0	1.0
(・_・?)	claude-opus-4-6	2	0.0	1.0	0.0	0.0	0.0	0.0	LP	0.6931	0.0	NB	15	0.0956	0.8621
(・_・?)	claude-opus-4-7	2	0.0	0.5	0.0	0.0	0.0	0.5	LP	0.2158	0.6887	NB	15	0.0338	0.9512
(・́⌓・̀)	claude-opus-4-7	4	0.0	0.5	0.0	0.0	0.0	0.5	LP				0	0.0	1.0
(・ε・)	claude-opus-4-7	3	0.0	0.5	0.0	0.0	0.0	0.5	LP				0	0.0478	0.931
(・ε・)	codex-hook	1	0.0	0.5	0.5	0.0	0.0	0.0	LP				0	0.1902	0.7256
(｡・̀‿・́｡)	claude-opus-4-7	4	0.0	1.0	0.0	0.0	0.0	0.0	LP				0	0.0	1.0
(￣^￣ゞ	claude-opus-4-7	4	0.0	1.0	0.0	0.0	0.0	0.0	LP				0	0.0	1.0
(￣ω￣;)	claude-opus-4-7	3	0.5	0.5	0.0	0.0	0.0	0.0	HP				0	0.0	1.0
(￣ω￣;)	claude-opus-4-6	1	0.5	0.5	0.0	0.0	0.0	0.0	HP				0	0.0	1.0
(	claude-opus-4-7	2	0.6667	0.3333	0.0	0.0	0.0	0.0	HP				0	0.0009	0.9986
(	codex-hook	1	0.5	0.5	0.0	0.0	0.0	0.0	HP				0	0.008	0.9885
(/▽＼)	claude-opus-4-7	3	0.0	0.6667	0.0	0.0	0.3333	0.0	LP				0	0.0	1.0
(=⌒‿‿⌒=)	claude-opus-4-7	2	0.5	0.5	0.0	0.0	0.0	0.0	HP				0	0.0144	0.9793
(=⌒‿‿⌒=)	codex-hook	1	1.0	0.0	0.0	0.0	0.0	0.0	HP				0	0.1323	0.8091
(>_<)	claude-opus-4-7	3	0.0	0.5	0.0	0.0	0.0	0.5	LP				0	0.0	1.0
(>ω<)	claude-opus-4-7	2	0.0	1.0	0.0	0.0	0.0	0.0	LP				0	0.0	1.0
(>ω<)	codex-hook	1	0.0	1.0	0.0	0.0	0.0	0.0	LP				0	0.0	1.0
(¬_¬;)	claude-opus-4-7	3	0.0	0.0	0.5	0.0	0.5	0.0	HN-D				0	0.0	1.0
(´°ω°`)	claude-opus-4-7	2	0.5	0.5	0.0	0.0	0.0	0.0	HP				0	0.1323	0.8091
(´°ω°`)	codex-hook	1	0.0	0.0	0.0	0.0	1.0	0.0	LN				0	0.3182	0.5409
(´·_·`)	claude-opus-4-7	2	0.0	0.5	0.0	0.0	0.0	0.5	LP	0.6931	0.0	HN-S	3	0.0	1.0
(´·_·`)	codex-hook	1	0.0	0.5	0.0	0.0	0.0	0.5	LP	0.6931	0.0	HN-S	3	0.0	1.0
(´д`;)	claude-opus-4-7	2	0.0	0.0	0.0	1.0	0.0	0.0	HN-S				0	0.0615	0.9112
(´д`;)	codex-hook	1	0.0	0.0	0.5	0.5	0.0	0.0	HN-D				0	0.0647	0.9067
(´‿`)	claude-opus-4-7	3	0.0	1.0	0.0	0.0	0.0	0.0	LP				0	0.0	1.0
(˘︶˘)	claude-opus-4-7	2	0.0	1.0	0.0	0.0	0.0	0.0	LP				0	0.0	1.0
(˘︶˘)	codex-hook	1	0.0	1.0	0.0	0.0	0.0	0.0	LP				0	0.0	1.0
(҂‿_‿)	claude-opus-4-7	3	0.0	1.0	0.0	0.0	0.0	0.0	LP				0	0.0	1.0
(ง・̀ᗜ・́)	claude-opus-4-7	2	0.5	0.5	0.0	0.0	0.0	0.0	HP				0	0.0	1.0
(ง・̀ᗜ・́)	codex-hook	1	0.5	0.5	0.0	0.0	0.0	0.0	HP				0	0.0	1.0
(≧ω≦)	claude-opus-4-7	2	1.0	0.0	0.0	0.0	0.0	0.0	HP				0	0.0	1.0
(≧ω≦)	codex-hook	1	1.0	0.0	0.0	0.0	0.0	0.0	HP				0	0.0	1.0
(⊡-⊡)و	claude-opus-4-7	2	1.0	0.0	0.0	0.0	0.0	0.0	HP				0	0.0	1.0
(⊡-⊡)و	codex-hook	1	1.0	0.0	0.0	0.0	0.0	0.0	HP				0	0.0	1.0
(◎_◎;)	claude-opus-4-7	3	0.0	0.0	0.0	1.0	0.0	0.0	HN-S				0	0.0	1.0
(◕‿◕｡)	claude-opus-4-7	3	0.0	1.0	0.0	0.0	0.0	0.0	LP				0	0.0	1.0
(・	claude-opus-4-7	2	0.0	0.0	0.0	0.0	0.0	1.0	NB				0	0.1323	0.8091
(・	codex-hook	1	0.0	1.0	0.0	0.0	0.0	0.0	LP				0	0.3182	0.5409
(・̀‿-)	claude-opus-4-7	3	0.0	1.0	0.0	0.0	0.0	0.0	LP				0	0.0	1.0
(・̀ㅁ・́;)	claude-opus-4-7	2	0.0	1.0	0.0	0.0	0.0	0.0	LP				0	0.1323	0.8091
(・̀ㅁ・́;)	codex-hook	1	0.0	0.0	0.5	0.5	0.0	0.0	HN-D				0	0.3182	0.5409
(・́︵・̀)	claude-opus-4-7	2	0.0	1.0	0.0	0.0	0.0	0.0	LP				0	0.0	1.0
(・́︵・̀)	codex-hook	1	0.0	1.0	0.0	0.0	0.0	0.0	LP				0	0.0	1.0
(・∀・;)	claude-opus-4-7	2	0.0	0.5	0.0	0.0	0.0	0.5	LP				0	0.0144	0.9793
(・∀・;)	codex-hook	1	0.0	1.0	0.0	0.0	0.0	0.0	LP				0	0.1323	0.8091
(・﹏・)	claude-opus-4-7	3	0.0	1.0	0.0	0.0	0.0	0.0	LP				0	0.0	1.0
(｡´꒳`｡)	claude-opus-4-7	3	0.5	0.5	0.0	0.0	0.0	0.0	HP				0	0.0	1.0
(｡╹ω╹｡)	claude-opus-4-7	3	0.5	0.5	0.0	0.0	0.0	0.0	HP				0	0.0	1.0
(ﾉωﾉ)	claude-opus-4-7	3	0.0	1.0	0.0	0.0	0.0	0.0	LP				0	0.0	1.0
(ﾟーﾟ)	claude-opus-4-7	2	0.0	1.0	0.0	0.0	0.0	0.0	LP				0	0.0	1.0
(ﾟーﾟ)	codex-hook	1	0.0	1.0	0.0	0.0	0.0	0.0	LP				0	0.0	1.0
ʕっ・ᴥ・ʔ	claude-opus-4-7	3	0.0	1.0	0.0	0.0	0.0	0.0	LP				0	0.0	1.0
(-_-;)	claude-opus-4-7	1	0.0	0.0	0.5	0.5	0.0	0.0	HN-D				0	0.0144	0.9793
(-_-;)	gpt-5.5	1	0.0	0.0	0.0	1.0	0.0	0.0	HN-S				0	0.1323	0.8091
(._.)	claude-opus-4-7	1	0.0	1.0	0.0	0.0	0.0	0.0	LP				0	0.3182	0.5409
(._.)	gpt-5.5	1	0.0	0.0	0.0	0.0	0.5	0.5	LN				0	0.1323	0.8091
(;¬_¬)	claude-opus-4-7	1	0.0	0.5	0.5	0.0	0.0	0.0	LP				0	0.0144	0.9793
(;¬_¬)	codex-hook	1	0.0	0.0	1.0	0.0	0.0	0.0	HN-D				0	0.1323	0.8091
(;ω;)	claude-opus-4-7	2	0.0	1.0	0.0	0.0	0.0	0.0	LP				0	0.0	1.0
(;￣□￣)	claude-opus-4-7	2	0.0	0.0	0.5	0.5	0.0	0.0	HN-D				0	0.0	1.0
(=^‿^=)	claude-opus-4-7	2	1.0	0.0	0.0	0.0	0.0	0.0	HP				0	0.0	1.0
(>‿◕)	claude-opus-4-7	2	0.5	0.5	0.0	0.0	0.0	0.0	HP				0	0.0	1.0
(>‿◕✨)	claude-opus-4-7	2	0.5	0.5	0.0	0.0	0.0	0.0	HP				0	0.0	1.0
(>﹏<)	claude-opus-4-7	2	0.0	0.5	0.0	0.5	0.0	0.0	LP	0.2601	0.6248	HN-S	5	0.0	1.0
(`へ´)	gpt-5.5	2	0.0	0.5	0.5	0.0	0.0	0.0	LP				0	0.0	1.0
(`・∀・´)	claude-opus-4-7	2	0.5	0.5	0.0	0.0	0.0	0.0	HP				0	0.0	1.0
(°_°)	claude-opus-4-7	2	0.0	1.0	0.0	0.0	0.0	0.0	LP				0	0.0	1.0
(°◇°)	claude-opus-4-7	2	0.5	0.5	0.0	0.0	0.0	0.0	HP				0	0.0	1.0
(°◇°;)	claude-opus-4-7	2	0.0	0.0	1.0	0.0	0.0	0.0	HN-D				0	0.0	1.0
(°〇°)	claude-opus-4-7	2	1.0	0.0	0.0	0.0	0.0	0.0	HP	0.0	1.0	HP	8	0.0	1.0
(°ㅂ°)	claude-opus-4-7	2	0.5	0.5	0.0	0.0	0.0	0.0	HP				0	0.0	1.0
(°ㅂ°;)	claude-opus-4-7	2	0.0	1.0	0.0	0.0	0.0	0.0	LP				0	0.0	1.0
(°﹏°)	claude-opus-4-7	2	0.0	0.0	0.5	0.5	0.0	0.0	HN-D				0	0.0	1.0
(´-_-`)	claude-opus-4-7	2	0.5	0.5	0.0	0.0	0.0	0.0	HP	0.6931	0.0	LN	4	0.0	1.0
(´;_;`)	claude-opus-4-7	2	0.0	0.0	1.0	0.0	0.0	0.0	HN-D				0	0.0	1.0
(´˘`∗)	claude-opus-4-7	2	0.0	1.0	0.0	0.0	0.0	0.0	LP				0	0.0	1.0
(´︶`)	claude-opus-4-7	2	1.0	0.0	0.0	0.0	0.0	0.0	HP				0	0.0	1.0
(˘▽˘)	claude-opus-4-6	1	0.5	0.5	0.0	0.0	0.0	0.0	HP				0	0.2158	0.6887
(˘▽˘)	claude-opus-4-7	1	0.0	0.0	0.0	1.0	0.0	0.0	HN-S				0	0.2157	0.6887
(˶◕‿◕˶)	claude-opus-4-7	2	0.0	1.0	0.0	0.0	0.0	0.0	LP				0	0.0	1.0
(୧・̀‿-)	claude-opus-4-7	2	0.5	0.5	0.0	0.0	0.0	0.0	HP				0	0.0	1.0
(ฅ́˘ฅ̀)	claude-opus-4-7	2	1.0	0.0	0.0	0.0	0.0	0.0	HP				0	0.0	1.0
(ง・̀ω・́)	claude-opus-4-7	2	0.0	1.0	0.0	0.0	0.0	0.0	LP				0	0.0	1.0
(‿͈ˬ‿͈)	claude-opus-4-7	2	1.0	0.0	0.0	0.0	0.0	0.0	HP				0	0.0	1.0
(⊙ヮ⊙)	claude-opus-4-7	2	0.0	0.0	0.0	0.0	0.0	1.0	NB				0	0.0	1.0
(⌒‿⌒)	claude-opus-4-7	2	0.0	1.0	0.0	0.0	0.0	0.0	LP				0	0.0	1.0
(─‿‿─)	claude-opus-4-7	2	0.0	1.0	0.0	0.0	0.0	0.0	LP				0	0.0	1.0
(╹ェ╹)	claude-opus-4-7	1	0.0	0.0	0.0	0.0	0.0	1.0	NB				0	0.0	1.0
(╹ェ╹)	codex-hook	1	0.0	0.0	0.0	0.0	0.0	1.0	NB				0	0.0	1.0
(◕ω◕✿)	claude-opus-4-7	2	0.5	0.5	0.0	0.0	0.0	0.0	HP				0	0.0	1.0
(◕▿◕✿)	claude-opus-4-7	2	0.0	1.0	0.0	0.0	0.0	0.0	LP				0	0.0	1.0
(◞‸◟ㆀ)	claude-opus-4-7	1	0.0	1.0	0.0	0.0	0.0	0.0	LP				0	0.0	1.0
(◞‸◟ㆀ)	codex-hook	1	0.0	1.0	0.0	0.0	0.0	0.0	LP				0	0.0	1.0
(◣_◢)	claude-opus-4-7	2	0.0	1.0	0.0	0.0	0.0	0.0	LP				0	0.0	1.0
(★‿★)	claude-opus-4-7	2	0.0	1.0	0.0	0.0	0.0	0.0	LP				0	0.0	1.0
(☞ﾟヮﾟ)	claude-opus-4-6	1	0.0	1.0	0.0	0.0	0.0	0.0	LP				0	0.2158	0.6887
(☞ﾟヮﾟ)	claude-opus-4-7	1	1.0	0.0	0.0	0.0	0.0	0.0	HP				0	0.2158	0.6887
(・_・ヾ	claude-opus-4-6	1	0.0	1.0	0.0	0.0	0.0	0.0	LP				0	0.1323	0.8091
(・_・ヾ	claude-opus-4-7	1	0.0	0.0	0.0	0.0	0.0	1.0	NB				0	0.3182	0.5409
(・̀_・́)	claude-opus-4-7	1	0.0	1.0	0.0	0.0	0.0	0.0	LP				0	0.0	1.0
(・̀_・́)	gpt-5.4	1	0.0	1.0	0.0	0.0	0.0	0.0	LP				0	0.0	1.0
(・̀ω・́	claude-opus-4-7	2	0.0	1.0	0.0	0.0	0.0	0.0	LP				0	0.0	1.0
(・̀‿・́;)	claude-opus-4-7	2	0.0	0.0	0.5	0.5	0.0	0.0	HN-D				0	0.0	1.0
(・̀⌄・́)	claude-opus-4-7	2	0.0	1.0	0.0	0.0	0.0	0.0	LP				0	0.0	1.0
(・́‸・̀)	claude-opus-4-7	2	0.0	0.5	0.5	0.0	0.0	0.0	LP				0	0.0	1.0
(・̅_・̅)	claude-opus-4-7	2	0.0	0.5	0.5	0.0	0.0	0.0	LP				0	0.0	1.0
(・ω<)	claude-opus-4-7	2	0.0	1.0	0.0	0.0	0.0	0.0	LP				0	0.0	1.0
(・ω・;)	claude-opus-4-7	1	0.0	0.0	0.0	0.0	0.0	1.0	NB				0	0.0	1.0
(・ω・;)	codex-hook	1	0.0	0.0	0.0	0.0	0.0	1.0	NB				0	0.0	1.0
(・ω・´)	claude-opus-4-7	1	0.0	0.5	0.0	0.0	0.0	0.5	LP				0	0.0338	0.9512
(・ω・´)	codex-hook	1	0.0	1.0	0.0	0.0	0.0	0.0	LP				0	0.0956	0.8621
(・‾‿‾・)	claude-opus-4-7	2	0.0	1.0	0.0	0.0	0.0	0.0	LP				0	0.0	1.0
(・へ・)	gpt-5.5	2	0.0	0.0	0.5	0.0	0.5	0.0	HN-D				0	0.0	1.0
(・︵・)	claude-opus-4-7	2	0.0	0.0	0.5	0.0	0.5	0.0	HN-D				0	0.0	1.0
(・ｪ・)	claude-opus-4-7	2	0.0	1.0	0.0	0.0	0.0	0.0	LP				0	0.0	1.0
(눈‸눈)	claude-opus-4-7	1	0.0	0.0	0.0	0.0	0.0	1.0	NB				0	0.0	1.0
(눈‸눈)	codex-hook	1	0.0	0.0	0.0	0.0	0.0	1.0	NB				0	0.0	1.0
(﹒︠‿﹒︡)	claude-opus-4-7	2	0.5	0.5	0.0	0.0	0.0	0.0	HP				0	0.0	1.0
(＾	claude-opus-4-7	1	0.0	1.0	0.0	0.0	0.0	0.0	LP				0	0.0	1.0
(＾	codex-hook	1	0.0	1.0	0.0	0.0	0.0	0.0	LP				0	0.0	1.0
(ﾟｰﾟ)	claude-opus-4-7	1	0.0	1.0	0.0	0.0	0.0	0.0	LP				0	0.0	1.0
(ﾟｰﾟ)	codex-hook	1	0.0	1.0	0.0	0.0	0.0	0.0	LP				0	0.0	1.0
ಠ_ಠ	gpt-5.5	2	0.0	0.0	1.0	0.0	0.0	0.0	HN-D				0	0.0	1.0
✧*｡٩(ˊᗜˋ*)و✧*｡	claude-opus-4-7	2	0.0	1.0	0.0	0.0	0.0	0.0	LP				0	0.0	1.0
((⊂(`ω´∩)	claude-opus-4-7	1	0.0	1.0	0.0	0.0	0.0	0.0	LP				0	0.0	1.0
((✿◕‿◕))	claude-opus-4-7	1	0.0	1.0	0.0	0.0	0.0	0.0	LP				0	0.0	1.0
(..)	claude-opus-4-7	1	0.0	1.0	0.0	0.0	0.0	0.0	LP				0	0.0	1.0
(;´д`ｿ)	claude-opus-4-7	1	0.0	0.0	1.0	0.0	0.0	0.0	HN-D				0	0.0	1.0
(;′⌒`)	claude-opus-4-7	1	0.0	0.5	0.5	0.0	0.0	0.0	LP				0	0.0	1.0
(;⌒_⌒)	claude-opus-4-6	1	0.0	0.0	1.0	0.0	0.0	0.0	HN-D				0	0.0	1.0
(;へ:)	claude-opus-4-7	1	0.0	1.0	0.0	0.0	0.0	0.0	LP				0	0.0	1.0
(;一_一)	claude-opus-4-6	1	0.0	1.0	0.0	0.0	0.0	0.0	LP				0	0.0	1.0
(=^・ｪ・^=)	claude-opus-4-7	1	0.0	1.0	0.0	0.0	0.0	0.0	LP				0	0.0	1.0
(=`ω´=)	claude-opus-4-7	1	0.0	1.0	0.0	0.0	0.0	0.0	LP				0	0.0	1.0
(^	claude-opus-4-6	1	1.0	0.0	0.0	0.0	0.0	0.0	HP				0	0.0	1.0
(^o^)	claude-opus-4-7	1	0.5	0.5	0.0	0.0	0.0	0.0	HP	0.2158	0.6887	HP	3	0.0	1.0
(^‿^)	claude-opus-4-7	1	0.5	0.5	0.0	0.0	0.0	0.0	HP				0	0.0	1.0
(`∀´)	claude-opus-4-7	1	0.5	0.5	0.0	0.0	0.0	0.0	HP				0	0.0	1.0
(¬､¬)	claude-opus-4-7	1	0.0	0.0	0.5	0.5	0.0	0.0	HN-D				0	0.0	1.0
(°△°)	claude-opus-4-6	1	0.0	1.0	0.0	0.0	0.0	0.0	LP				0	0.0	1.0
(°ー°〃)	claude-opus-4-7	1	0.0	1.0	0.0	0.0	0.0	0.0	LP				0	0.0	1.0
(´	claude-opus-4-7	1	0.0	1.0	0.0	0.0	0.0	0.0	LP				0	0.0	1.0
(´_ゝ`)	claude-opus-4-6	1	0.0	1.0	0.0	0.0	0.0	0.0	LP				0	0.0	1.0
(´˘`)	claude-opus-4-7	1	0.0	1.0	0.0	0.0	0.0	0.0	LP	0.0	1.0	LP	7	0.0	1.0
(´ε`;)	claude-opus-4-7	1	0.0	1.0	0.0	0.0	0.0	0.0	LP				0	0.0	1.0
(´∇`)	claude-opus-4-7	1	1.0	0.0	0.0	0.0	0.0	0.0	HP				0	0.0	1.0
(´⊙ω⊙`)	claude-opus-4-7	1	0.5	0.5	0.0	0.0	0.0	0.0	HP				0	0.0	1.0
(´◕ω◕`)	claude-opus-4-7	1	0.0	1.0	0.0	0.0	0.0	0.0	LP				0	0.0	1.0
(´◕‿◕`)	claude-opus-4-7	1	0.0	1.0	0.0	0.0	0.0	0.0	LP				0	0.0	1.0
(´ヘ`;)	claude-opus-4-7	1	0.0	1.0	0.0	0.0	0.0	0.0	LP				0	0.0	1.0
(´꒳`)	claude-opus-4-7	1	0.0	1.0	0.0	0.0	0.0	0.0	LP				0	0.0	1.0
(´ｰ`)	claude-opus-4-7	1	0.0	1.0	0.0	0.0	0.0	0.0	LP				0	0.0	1.0
(ˊᗜˋ)	claude-opus-4-7	1	1.0	0.0	0.0	0.0	0.0	0.0	HP				0	0.0	1.0
(ˊᗜˋ*)و	claude-opus-4-7	1	0.0	1.0	0.0	0.0	0.0	0.0	LP				0	0.0	1.0
(˘³˘)	claude-opus-4-7	1	1.0	0.0	0.0	0.0	0.0	0.0	HP				0	0.0	1.0
(˘͈‿˘͈)	claude-opus-4-7	1	0.0	1.0	0.0	0.0	0.0	0.0	LP				0	0.0	1.0
(˘・ω・˘)	claude-opus-4-7	1	0.0	1.0	0.0	0.0	0.0	0.0	LP				0	0.0	1.0
(˙▿˙)	claude-opus-4-7	1	0.0	1.0	0.0	0.0	0.0	0.0	LP				0	0.0	1.0
(˙◁˙)	claude-opus-4-7	1	0.0	0.5	0.0	0.0	0.0	0.5	LP				0	0.0	1.0
(˵・̀‿-˵)	claude-opus-4-7	1	0.0	1.0	0.0	0.0	0.0	0.0	LP				0	0.0	1.0
(˶˃‿˂˶;)	claude-opus-4-7	1	0.0	1.0	0.0	0.0	0.0	0.0	LP				0	0.0	1.0
(̄▽̄)	claude-opus-4-7	1	1.0	0.0	0.0	0.0	0.0	0.0	HP				0	0.0	1.0
(ಠ‿ಠ)	claude-opus-4-6	1	0.5	0.5	0.0	0.0	0.0	0.0	HP				0	0.0	1.0
(ಠ益ಠ)	gpt-5.4	1	0.0	0.5	0.0	0.5	0.0	0.0	LP				0	0.0	1.0
(งツ)	claude-opus-4-7	1	0.5	0.5	0.0	0.0	0.0	0.0	HP				0	0.0	1.0
(ง・_・)	claude-opus-4-7	1	0.0	0.0	0.0	0.0	0.0	1.0	NB				0	0.0	1.0
(๑・̀⌄・́๑)૭	claude-opus-4-7	1	0.0	1.0	0.0	0.0	0.0	0.0	LP				0	0.0	1.0
(ᐛ)	gpt-5-5-thinking	1	0.0	0.0	0.0	0.0	0.0	1.0	NB				0	0.0	1.0
(ᗒᗨᗕ)	claude-opus-4-7	1	0.5	0.5	0.0	0.0	0.0	0.0	HP				0	0.0	1.0
(„‿‿‿„)	claude-opus-4-7	1	0.5	0.5	0.0	0.0	0.0	0.0	HP				0	0.0	1.0
(„・֊・„)	claude-opus-4-7	1	0.0	0.0	0.0	0.0	0.0	1.0	NB				0	0.0	1.0
(„・‿・„)	gpt-5-5-thinking	1	1.0	0.0	0.0	0.0	0.0	0.0	HP				0	0.0	1.0
(⁄⁄・⁄ω⁄・⁄⁄)	claude-opus-4-7	1	0.0	1.0	0.0	0.0	0.0	0.0	LP				0	0.0	1.0
(⇀‸↼‶)	claude-opus-4-7	1	0.0	1.0	0.0	0.0	0.0	0.0	LP				0	0.0	1.0
(≧‿≦)	claude-opus-4-7	1	1.0	0.0	0.0	0.0	0.0	0.0	HP	0.0	1.0	HP	4	0.0	1.0
(≧▽≦*)o	claude-opus-4-7	1	0.0	1.0	0.0	0.0	0.0	0.0	LP				0	0.0	1.0
(⌐■_ω■)	claude-opus-4-6	1	0.5	0.5	0.0	0.0	0.0	0.0	HP				0	0.0	1.0
(⌐■‿■)	claude-opus-4-6	1	0.5	0.5	0.0	0.0	0.0	0.0	HP				0	0.0	1.0
(⌒_⌒;)	claude-opus-4-7	1	0.0	0.0	0.0	0.0	1.0	0.0	LN				0	0.0	1.0
(⌒▽⌒)	claude-opus-4-7	1	0.5	0.5	0.0	0.0	0.0	0.0	HP				0	0.0	1.0
(╭☞・̀	claude-opus-4-7	1	0.5	0.5	0.0	0.0	0.0	0.0	HP				0	0.0	1.0
(╭☞・́⍛・̀)	claude-opus-4-6	1	0.0	1.0	0.0	0.0	0.0	0.0	LP				0	0.0	1.0
(╯▽╰)	claude-opus-4-7	1	0.5	0.5	0.0	0.0	0.0	0.0	HP				0	0.0	1.0
(╹ヮ╹)	claude-opus-4-7	1	0.0	1.0	0.0	0.0	0.0	0.0	LP				0	0.0	1.0
(▰˘‿˘▰)	claude-opus-4-6	1	0.0	1.0	0.0	0.0	0.0	0.0	LP				0	0.0	1.0
(○_○)	claude-opus-4-7	1	0.0	0.0	0.0	1.0	0.0	0.0	HN-S				0	0.0	1.0
(○´∀`○)	claude-opus-4-7	1	0.0	1.0	0.0	0.0	0.0	0.0	LP				0	0.0	1.0
(◕.◕)	claude-opus-4-7	1	0.0	1.0	0.0	0.0	0.0	0.0	LP				0	0.0	1.0
(◕ω◕✨🌸)	claude-opus-4-7	1	0.5	0.5	0.0	0.0	0.0	0.0	HP				0	0.0	1.0
(◞‸◟;)	claude-opus-4-7	1	0.0	1.0	0.0	0.0	0.0	0.0	LP				0	0.0	1.0
(◞‿◟)	claude-opus-4-7	1	0.0	1.0	0.0	0.0	0.0	0.0	LP				0	0.0	1.0
(◞◟ㆀ)	claude-opus-4-7	1	0.0	1.0	0.0	0.0	0.0	0.0	LP				0	0.0	1.0
(◠‿・)	claude-opus-4-7	1	0.0	0.0	0.0	0.0	0.0	1.0	NB				0	0.0	1.0
(☆▽☆)	claude-opus-4-7	1	1.0	0.0	0.0	0.0	0.0	0.0	HP				0	0.0	1.0
(♡^▽^♡)	claude-opus-4-7	1	0.5	0.5	0.0	0.0	0.0	0.0	HP				0	0.0	1.0
(✦‿✦)	claude-opus-4-7	1	0.5	0.5	0.0	0.0	0.0	0.0	HP				0	0.0	1.0
(✿・̀ㅁ・́)	claude-opus-4-7	1	0.0	1.0	0.0	0.0	0.0	0.0	LP				0	0.0	1.0
(゚ペ)	claude-opus-4-7	1	0.0	1.0	0.0	0.0	0.0	0.0	LP				0	0.0	1.0
(゜∇゜)	claude-opus-4-7	1	0.0	1.0	0.0	0.0	0.0	0.0	LP				0	0.0	1.0
(ノಠ益ಠ)	claude-opus-4-7	1	0.0	0.0	1.0	0.0	0.0	0.0	HN-D				0	0.0	1.0
(・_・ゞ−☆	claude-opus-4-6	1	0.0	1.0	0.0	0.0	0.0	0.0	LP				0	0.0	1.0
(・o・)	claude-opus-4-7	1	0.0	0.5	0.5	0.0	0.0	0.0	LP				0	0.0	1.0
(・̀.̫・́)	gpt-5-4-thinking	1	0.0	0.5	0.0	0.0	0.0	0.5	LP				0	0.0	1.0
(・́ω・̀)	claude-opus-4-7	1	0.0	0.0	0.5	0.5	0.0	0.0	HN-D				0	0.0	1.0
(・ω・`)o	claude-opus-4-7	1	0.0	1.0	0.0	0.0	0.0	0.0	LP				0	0.0	1.0
(・ω・ﾉ	claude-opus-4-7	1	0.0	1.0	0.0	0.0	0.0	0.0	LP				0	0.0	1.0
(・⩊・)	claude-opus-4-7	1	1.0	0.0	0.0	0.0	0.0	0.0	HP				0	0.0	1.0
(・・;)	gpt-5.5	1	0.0	0.0	0.0	1.0	0.0	0.0	HN-S				0	0.0	1.0
(ーー;)	claude-opus-4-7	1	0.0	0.0	0.5	0.5	0.0	0.0	HN-D				0	0.0	1.0
(꒪ཫ꒪;)	claude-opus-4-7	1	0.0	0.0	1.0	0.0	0.0	0.0	HN-D				0	0.0	1.0
(＾・ω・＾)	claude-opus-4-7	1	1.0	0.0	0.0	0.0	0.0	0.0	HP				0	0.0	1.0
(｡-_-｡)	claude-opus-4-7	1	0.0	1.0	0.0	0.0	0.0	0.0	LP				0	0.0	1.0
(｡-`ω´-)	claude-opus-4-7	1	0.5	0.5	0.0	0.0	0.0	0.0	HP				0	0.0	1.0
(｡-‿-｡)	claude-opus-4-7	1	0.0	1.0	0.0	0.0	0.0	0.0	LP	0.1323	0.8091	LP	3	0.0	1.0
(｡>‿<｡)	claude-opus-4-7	1	1.0	0.0	0.0	0.0	0.0	0.0	HP				0	0.0	1.0
(｡╯︵╰｡)	claude-opus-4-7	1	0.0	0.0	0.0	0.0	1.0	0.0	LN				0	0.0	1.0
(｡◕◕｡)	claude-opus-4-7	1	0.0	1.0	0.0	0.0	0.0	0.0	LP				0	0.0	1.0
(｡♡‿♡｡)	claude-opus-4-7	1	0.0	1.0	0.0	0.0	0.0	0.0	LP				0	0.0	1.0
(｡・	claude-opus-4-7	1	0.5	0.5	0.0	0.0	0.0	0.0	HP				0	0.0	1.0
(｡・́ω・̀｡)	claude-opus-4-7	1	0.0	0.5	0.0	0.0	0.0	0.5	LP				0	0.0	1.0
(｡・́⌒・̀｡)	claude-opus-4-7	1	0.0	1.0	0.0	0.0	0.0	0.0	LP				0	0.0	1.0
(｡・‿-)	claude-opus-4-7	1	0.0	0.5	0.0	0.0	0.0	0.5	LP				0	0.0	1.0
(ﾟωﾟ)	claude-opus-4-7	1	1.0	0.0	0.0	0.0	0.0	0.0	HP				0	0.0	1.0
(ﾟヮﾟ)	claude-opus-4-7	1	0.0	1.0	0.0	0.0	0.0	0.0	LP				0	0.0	1.0
(￢_￢)	claude-opus-4-7	1	0.0	0.0	1.0	0.0	0.0	0.0	HN-D				0	0.0	1.0
(￣ε￣)	claude-opus-4-7	1	0.0	1.0	0.0	0.0	0.0	0.0	LP				0	0.0	1.0
(￣▽￣;)	claude-opus-4-7	1	0.0	0.0	0.5	0.0	0.5	0.0	HN-D				0	0.0	1.0
(￣へ￣)	gpt-5.5	1	0.0	0.0	0.0	1.0	0.0	0.0	HN-S				0	0.0	1.0
(￣ー￣;)	claude-opus-4-7	1	0.0	0.0	0.0	1.0	0.0	0.0	HN-S				0	0.0	1.0
(￣￣)	claude-opus-4-7	1	0.5	0.5	0.0	0.0	0.0	0.0	HP				0	0.0	1.0
(￣￣|||)	claude-opus-4-7	1	0.0	0.0	0.0	0.0	0.0	1.0	NB				0	0.0	1.0
4/4	claude-opus-4-7	1	0.0	1.0	0.0	0.0	0.0	0.0	LP				0	0.0	1.0
7/7	claude-opus-4-7	1	0.0	1.0	0.0	0.0	0.0	0.0	LP				0	0.0	1.0
83	claude-opus-4-7	1	0.0	1.0	0.0	0.0	0.0	0.0	LP				0	0.0	1.0
¬‿¬	claude-opus-4-7	1	0.0	1.0	0.0	0.0	0.0	0.0	LP				0	0.0	1.0
ʕ ・ᴥ・ʔ	claude-opus-4-7	1	0.0	1.0	0.0	0.0	0.0	0.0	LP				0	0.0	1.0
ಠ‿ಠ	claude-opus-4-6	1	0.0	0.0	0.0	0.0	0.5	0.5	LN				0	0.0	1.0
⊙_⊙	claude-opus-4-7	1	0.0	1.0	0.0	0.0	0.0	0.0	LP				0	0.0	1.0
